entity_id,name_bn,name_en,profession,category,wiki_url,image_1,image_2,image_3,image_4,image_5,images_json,summary_bn
cult_0,কাজী নজরুল ইসলাম,Kazi Nazrul Islam,National Poet,Cultural Figures,https://en.wikipedia.org/wiki/Kazi_Nazrul_Islam,https://thumb.wikimedia.org/wikipedia/commons/thumb/a/a6/Nazrul.jpg/330px-Nazrul.jpg?utm_source=en.wikipedia.org&utm_campaign=parser&utm_content=thumbnail,https://thumb.wikimedia.org/wikipedia/commons/thumb/c/cb/Gnome-mime-audio-openclipart.svg/120px-Gnome-mime-audio-openclipart.svg.png?utm_source=en.wikipedia.org&utm_campaign=parser&utm_content=thumbnail,https://thumb.wikimedia.org/wikipedia/commons/thumb/c/cf/Kazi_nazrul_islam_with_Setar.jpg/1280px-Kazi_nazrul_islam_with_Setar.jpg?utm_source=en.wikipedia.org&utm_campaign=parser&utm_content=thumbnail,https://thumb.wikimedia.org/wikipedia/commons/thumb/4/45/Nazrul_young_in_1921.jpg/1280px-Nazrul_young_in_1921.jpg?utm_source=en.wikipedia.org&utm_campaign=parser&utm_content=thumbnail,https://upload.wikimedia.org/wikipedia/commons/a/a3/Nazrul_as_Narad.jpg?utm_source=en.wikipedia.org&utm_campaign=parser&utm_content=thumbnail_unscaled,"[""https://thumb.wikimedia.org/wikipedia/commons/thumb/a/a6/Nazrul.jpg/330px-Nazrul.jpg?utm_source=en.wikipedia.org&utm_campaign=parser&utm_content=thumbnail"", ""https://thumb.wikimedia.org/wikipedia/commons/thumb/c/cb/Gnome-mime-audio-openclipart.svg/120px-Gnome-mime-audio-openclipart.svg.png?utm_source=en.wikipedia.org&utm_campaign=parser&utm_content=thumbnail"", ""https://thumb.wikimedia.org/wikipedia/commons/thumb/c/cf/Kazi_nazrul_islam_with_Setar.jpg/1280px-Kazi_nazrul_islam_with_Setar.jpg?utm_source=en.wikipedia.org&utm_campaign=parser&utm_content=thumbnail"", ""https://thumb.wikimedia.org/wikipedia/commons/thumb/4/45/Nazrul_young_in_1921.jpg/1280px-Nazrul_young_in_1921.jpg?utm_source=en.wikipedia.org&utm_campaign=parser&utm_content=thumbnail"", ""https://upload.wikimedia.org/wikipedia/commons/a/a3/Nazrul_as_Narad.jpg?utm_source=en.wikipedia.org&utm_campaign=parser&utm_content=thumbnail_unscaled""]","কাজী নজরুল ইসলাম, জাতীয় কবি ও বিদ্রোহী গীতিকার, তাঁর 'বীর গীত' ও 'নজরুলের গীত' মুক্তিযুদ্ধের অনুপ্রেরণা জুগিয়েছে।"
cult_1,রবীন্দ্রনাথ ঠাকুর,Rabindranath Tagore,Nobel Laureate Poet,Cultural Figures,https://en.wikipedia.org/wiki/Rabindranath_Tagore,https://thumb.wikimedia.org/wikipedia/commons/thumb/6/62/1926_Rabindrath_Tagore.jpg/500px-1926_Rabindrath_Tagore.jpg?utm_source=en.wikipedia.org&utm_campaign=parser&utm_content=thumbnail,https://thumb.wikimedia.org/wikipedia/commons/thumb/1/15/Genealogy_of_the_Tagore_Family_of_India.png/1280px-Genealogy_of_the_Tagore_Family_of_India.png?utm_source=en.wikipedia.org&utm_campaign=parser&utm_content=thumbnail,https://thumb.wikimedia.org/wikipedia/commons/thumb/8/8b/Tagore_in_London_1879.jpg/500px-Tagore_in_London_1879.jpg?utm_source=en.wikipedia.org&utm_campaign=parser&utm_content=thumbnail,https://upload.wikimedia.org/wikipedia/commons/5/58/Rabindranath-Tagore-Mrinalini-Devi-1883.jpg?utm_source=en.wikipedia.org&utm_campaign=parser&utm_content=thumbnail_unscaled,https://thumb.wikimedia.org/wikipedia/commons/thumb/4/42/%E0%A6%B0%E0%A6%AC%E0%A7%80%E0%A6%A8%E0%A7%8D%E0%A6%A6%E0%A7%8D%E0%A6%B0_%E0%A6%95%E0%A7%81%E0%A6%A0%E0%A6%BF%E0%A6%AC%E0%A6%BE%E0%A6%A1%E0%A6%BC%E0%A6%BF_%E0%A6%B6%E0%A6%BF%E0%A6%B2%E0%A6%BE%E0%A6%87%E0%A6%A6%E0%A6%B9_%E0%A6%95%E0%A7%81%E0%A6%B7%E0%A7%8D%E0%A6%9F%E0%A6%BF%E0%A6%AF%E0%A6%BC%E0%A6%BE.jpg/1280px-%E0%A6%B0%E0%A6%AC%E0%A7%80%E0%A6%A8%E0%A7%8D%E0%A6%A6%E0%A7%8D%E0%A6%B0_%E0%A6%95%E0%A7%81%E0%A6%A0%E0%A6%BF%E0%A6%AC%E0%A6%BE%E0%A6%A1%E0%A6%BC%E0%A6%BF_%E0%A6%B6%E0%A6%BF%E0%A6%B2%E0%A6%BE%E0%A6%87%E0%A6%A6%E0%A6%B9_%E0%A6%95%E0%A7%81%E0%A6%B7%E0%A7%8D%E0%A6%9F%E0%A6%BF%E0%A6%AF%E0%A6%BC%E0%A6%BE.jpg?utm_source=en.wikipedia.org&utm_campaign=parser&utm_content=thumbnail,"[""https://thumb.wikimedia.org/wikipedia/commons/thumb/6/62/1926_Rabindrath_Tagore.jpg/500px-1926_Rabindrath_Tagore.jpg?utm_source=en.wikipedia.org&utm_campaign=parser&utm_content=thumbnail"", ""https://thumb.wikimedia.org/wikipedia/commons/thumb/1/15/Genealogy_of_the_Tagore_Family_of_India.png/1280px-Genealogy_of_the_Tagore_Family_of_India.png?utm_source=en.wikipedia.org&utm_campaign=parser&utm_content=thumbnail"", ""https://thumb.wikimedia.org/wikipedia/commons/thumb/8/8b/Tagore_in_London_1879.jpg/500px-Tagore_in_London_1879.jpg?utm_source=en.wikipedia.org&utm_campaign=parser&utm_content=thumbnail"", ""https://upload.wikimedia.org/wikipedia/commons/5/58/Rabindranath-Tagore-Mrinalini-Devi-1883.jpg?utm_source=en.wikipedia.org&utm_campaign=parser&utm_content=thumbnail_unscaled"", ""https://thumb.wikimedia.org/wikipedia/commons/thumb/4/42/%E0%A6%B0%E0%A6%AC%E0%A7%80%E0%A6%A8%E0%A7%8D%E0%A6%A6%E0%A7%8D%E0%A6%B0_%E0%A6%95%E0%A7%81%E0%A6%A0%E0%A6%BF%E0%A6%AC%E0%A6%BE%E0%A6%A1%E0%A6%BC%E0%A6%BF_%E0%A6%B6%E0%A6%BF%E0%A6%B2%E0%A6%BE%E0%A6%87%E0%A6%A6%E0%A6%B9_%E0%A6%95%E0%A7%81%E0%A6%B7%E0%A7%8D%E0%A6%9F%E0%A6%BF%E0%A6%AF%E0%A6%BC%E0%A6%BE.jpg/1280px-%E0%A6%B0%E0%A6%AC%E0%A7%80%E0%A6%A8%E0%A7%8D%E0%A6%A6%E0%A7%8D%E0%A6%B0_%E0%A6%95%E0%A7%81%E0%A6%A0%E0%A6%BF%E0%A6%AC%E0%A6%BE%E0%A6%A1%E0%A6%BC%E0%A6%BF_%E0%A6%B6%E0%A6%BF%E0%A6%B2%E0%A6%BE%E0%A6%87%E0%A6%A6%E0%A6%B9_%E0%A6%95%E0%A7%81%E0%A6%B7%E0%A7%8D%E0%A6%9F%E0%A6%BF%E0%A6%AF%E0%A6%BC%E0%A6%BE.jpg?utm_source=en.wikipedia.org&utm_campaign=parser&utm_content=thumbnail""]","রবীন্দ্রনাথ ঠাকুর, নোবেল পুরস্কারপ্রাপ্ত কবি ও সঙ্গীতজ্ঞ, 'গীতাঞ্জলি' ও 'বঙ্গবন্ধু' রচনার মাধ্যমে বাংলা সংস্কৃতির বিশ্বজনীন প্রতীক।"
cult_2,বঙ্গবন্ধু শেখ মুজিবুর রহমান,Sheikh Mujibur Rahman,Founding Father,Cultural Figures,https://en.wikipedia.org/wiki/Sheikh_Mujibur_Rahman,https://thumb.wikimedia.org/wikipedia/commons/thumb/3/3e/Official_Portrait_of_Bangabandhu_Sheikh_Mujibur_Rahman.jpg/1280px-Official_Portrait_of_Bangabandhu_Sheikh_Mujibur_Rahman.jpg?utm_source=en.wikipedia.org&utm_campaign=parser&utm_content=thumbnail,https://thumb.wikimedia.org/wikipedia/commons/thumb/0/09/Flag_of_Bangladesh_%281971%29.svg/500px-Flag_of_Bangladesh_%281971%29.svg.png?utm_source=en.wikipedia.org&utm_campaign=parser&utm_content=thumbnail,https://thumb.wikimedia.org/wikipedia/commons/thumb/6/66/Sheikh_Mujibur_Rahman_portrait_%28PID-h0066%29.jpg/1280px-Sheikh_Mujibur_Rahman_portrait_%28PID-h0066%29.jpg?utm_source=en.wikipedia.org&utm_campaign=parser&utm_content=thumbnail,https://thumb.wikimedia.org/wikipedia/commons/thumb/d/dc/Residence_of_Bangabandhu_Sheikh_Mujibur_Rahman_front_view.jpg/1280px-Residence_of_Bangabandhu_Sheikh_Mujibur_Rahman_front_view.jpg?utm_source=en.wikipedia.org&utm_campaign=parser&utm_content=thumbnail,https://thumb.wikimedia.org/wikipedia/commons/thumb/e/e5/Bangabandhu_Sheikh_Mujibur_Rahman_in_Dhaka_Wanderers_jersey_in_1940.jpg/330px-Bangabandhu_Sheikh_Mujibur_Rahman_in_Dhaka_Wanderers_jersey_in_1940.jpg?utm_source=en.wikipedia.org&utm_campaign=parser&utm_content=thumbnail,"[""https://thumb.wikimedia.org/wikipedia/commons/thumb/3/3e/Official_Portrait_of_Bangabandhu_Sheikh_Mujibur_Rahman.jpg/1280px-Official_Portrait_of_Bangabandhu_Sheikh_Mujibur_Rahman.jpg?utm_source=en.wikipedia.org&utm_campaign=parser&utm_content=thumbnail"", ""https://thumb.wikimedia.org/wikipedia/commons/thumb/0/09/Flag_of_Bangladesh_%281971%29.svg/500px-Flag_of_Bangladesh_%281971%29.svg.png?utm_source=en.wikipedia.org&utm_campaign=parser&utm_content=thumbnail"", ""https://thumb.wikimedia.org/wikipedia/commons/thumb/6/66/Sheikh_Mujibur_Rahman_portrait_%28PID-h0066%29.jpg/1280px-Sheikh_Mujibur_Rahman_portrait_%28PID-h0066%29.jpg?utm_source=en.wikipedia.org&utm_campaign=parser&utm_content=thumbnail"", ""https://thumb.wikimedia.org/wikipedia/commons/thumb/d/dc/Residence_of_Bangabandhu_Sheikh_Mujibur_Rahman_front_view.jpg/1280px-Residence_of_Bangabandhu_Sheikh_Mujibur_Rahman_front_view.jpg?utm_source=en.wikipedia.org&utm_campaign=parser&utm_content=thumbnail"", ""https://thumb.wikimedia.org/wikipedia/commons/thumb/e/e5/Bangabandhu_Sheikh_Mujibur_Rahman_in_Dhaka_Wanderers_jersey_in_1940.jpg/330px-Bangabandhu_Sheikh_Mujibur_Rahman_in_Dhaka_Wanderers_jersey_in_1940.jpg?utm_source=en.wikipedia.org&utm_campaign=parser&utm_content=thumbnail""]","বঙ্গবন্ধু শেখ মুজিবুর রহমান, বাংলাদেশের প্রতিষ্ঠাতা পিতা, ১৯৭১ মুক্তিযুদ্ধের নেতা ও স্বাধীনতার প্রতীক।"
cult_3,মাওলানা আবদুল হামিদ খান ভাসানী,Maulana Bhashani,Political Leader,Cultural Figures,https://en.wikipedia.org/wiki/Abdul_Hamid_Khan_Bhashani,https://thumb.wikimedia.org/wikipedia/commons/thumb/6/6a/Maulana_Bhasani_in_Havana%2C_Cuba.jpg/500px-Maulana_Bhasani_in_Havana%2C_Cuba.jpg?utm_source=en.wikipedia.org&utm_campaign=parser&utm_content=thumbnail,https://thumb.wikimedia.org/wikipedia/commons/thumb/0/09/Flag_of_Bangladesh_%281971%29.svg/500px-Flag_of_Bangladesh_%281971%29.svg.png?utm_source=en.wikipedia.org&utm_campaign=parser&utm_content=thumbnail,https://thumb.wikimedia.org/wikipedia/commons/thumb/6/67/South_Asian_Communist_Banner.svg/330px-South_Asian_Communist_Banner.svg.png?utm_source=en.wikipedia.org&utm_campaign=parser&utm_content=thumbnail,https://upload.wikimedia.org/wikipedia/commons/a/a6/Rally_on_21Feb1954_Abdul_Hamid_and_Bangabandhu.jpg?utm_source=en.wikipedia.org&utm_campaign=parser&utm_content=thumbnail_unscaled,https://thumb.wikimedia.org/wikipedia/commons/thumb/a/a5/21feb1956_Shaheed_Minar_Dhaka.png/1280px-21feb1956_Shaheed_Minar_Dhaka.png?utm_source=en.wikipedia.org&utm_campaign=parser&utm_content=thumbnail,"[""https://thumb.wikimedia.org/wikipedia/commons/thumb/6/6a/Maulana_Bhasani_in_Havana%2C_Cuba.jpg/500px-Maulana_Bhasani_in_Havana%2C_Cuba.jpg?utm_source=en.wikipedia.org&utm_campaign=parser&utm_content=thumbnail"", ""https://thumb.wikimedia.org/wikipedia/commons/thumb/0/09/Flag_of_Bangladesh_%281971%29.svg/500px-Flag_of_Bangladesh_%281971%29.svg.png?utm_source=en.wikipedia.org&utm_campaign=parser&utm_content=thumbnail"", ""https://thumb.wikimedia.org/wikipedia/commons/thumb/6/67/South_Asian_Communist_Banner.svg/330px-South_Asian_Communist_Banner.svg.png?utm_source=en.wikipedia.org&utm_campaign=parser&utm_content=thumbnail"", ""https://upload.wikimedia.org/wikipedia/commons/a/a6/Rally_on_21Feb1954_Abdul_Hamid_and_Bangabandhu.jpg?utm_source=en.wikipedia.org&utm_campaign=parser&utm_content=thumbnail_unscaled"", ""https://thumb.wikimedia.org/wikipedia/commons/thumb/a/a5/21feb1956_Shaheed_Minar_Dhaka.png/1280px-21feb1956_Shaheed_Minar_Dhaka.png?utm_source=en.wikipedia.org&utm_campaign=parser&utm_content=thumbnail""]","মাওলানা আবদুল হামিদ খান ভাসানী, বামপন্থী রাজনীতিবিদ, সামাজিক ন্যায় ও সমতা প্রতিষ্ঠায় সংগ্রাম।"
cult_4,শেরে বাংলা এ. কে. ফজলুল হক,A. K. Fazlul Huq,Statesman,Cultural Figures,https://en.wikipedia.org/wiki/A._K._Fazlul_Huq,https://thumb.wikimedia.org/wikipedia/commons/thumb/8/8f/A_k_fazlul_hoque.jpg/500px-A_k_fazlul_hoque.jpg?utm_source=en.wikipedia.org&utm_campaign=parser&utm_content=thumbnail,https://thumb.wikimedia.org/wikipedia/commons/thumb/f/fc/Saturia_Zamindar_Bari%2C_Jhalokathi_%2865%29.jpg/1280px-Saturia_Zamindar_Bari%2C_Jhalokathi_%2865%29.jpg?utm_source=en.wikipedia.org&utm_campaign=parser&utm_content=thumbnail,https://thumb.wikimedia.org/wikipedia/commons/thumb/9/9c/Calcutta_High_Court_-_Kolkata_2011-12-18_0322.JPG/1280px-Calcutta_High_Court_-_Kolkata_2011-12-18_0322.JPG?utm_source=en.wikipedia.org&utm_campaign=parser&utm_content=thumbnail,https://thumb.wikimedia.org/wikipedia/commons/thumb/7/74/All_India_Muslim_league_conference_1906_attendees_in_Dhaka.jpg/500px-All_India_Muslim_league_conference_1906_attendees_in_Dhaka.jpg?utm_source=en.wikipedia.org&utm_campaign=parser&utm_content=thumbnail,https://thumb.wikimedia.org/wikipedia/commons/thumb/f/f6/AK_Fazlul_Huq_Cabinet_1937.jpg/500px-AK_Fazlul_Huq_Cabinet_1937.jpg?utm_source=en.wikipedia.org&utm_campaign=parser&utm_content=thumbnail,"[""https://thumb.wikimedia.org/wikipedia/commons/thumb/8/8f/A_k_fazlul_hoque.jpg/500px-A_k_fazlul_hoque.jpg?utm_source=en.wikipedia.org&utm_campaign=parser&utm_content=thumbnail"", ""https://thumb.wikimedia.org/wikipedia/commons/thumb/f/fc/Saturia_Zamindar_Bari%2C_Jhalokathi_%2865%29.jpg/1280px-Saturia_Zamindar_Bari%2C_Jhalokathi_%2865%29.jpg?utm_source=en.wikipedia.org&utm_campaign=parser&utm_content=thumbnail"", ""https://thumb.wikimedia.org/wikipedia/commons/thumb/9/9c/Calcutta_High_Court_-_Kolkata_2011-12-18_0322.JPG/1280px-Calcutta_High_Court_-_Kolkata_2011-12-18_0322.JPG?utm_source=en.wikipedia.org&utm_campaign=parser&utm_content=thumbnail"", ""https://thumb.wikimedia.org/wikipedia/commons/thumb/7/74/All_India_Muslim_league_conference_1906_attendees_in_Dhaka.jpg/500px-All_India_Muslim_league_conference_1906_attendees_in_Dhaka.jpg?utm_source=en.wikipedia.org&utm_campaign=parser&utm_content=thumbnail"", ""https://thumb.wikimedia.org/wikipedia/commons/thumb/f/f6/AK_Fazlul_Huq_Cabinet_1937.jpg/500px-AK_Fazlul_Huq_Cabinet_1937.jpg?utm_source=en.wikipedia.org&utm_campaign=parser&utm_content=thumbnail""]","শেরে বাংলা এ. কে. ফজলুল হক, রাজনীতিবিদ, সামাজিক সংস্কার ও জাতীয় উন্নয়নের পক্ষে কাজ।"
cult_5,জসীমউদ্দীন,Jasimuddin,Polli Kobi,Cultural Figures,https://en.wikipedia.org/wiki/Jasimuddin,https://thumb.wikimedia.org/wikipedia/commons/thumb/5/51/Jasimuddin_Lomax_1951_%282%29.jpg/500px-Jasimuddin_Lomax_1951_%282%29.jpg?utm_source=en.wikipedia.org&utm_campaign=parser&utm_content=thumbnail,https://thumb.wikimedia.org/wikipedia/commons/thumb/b/bd/Jasim_Uddin_received_reception_at_Rajenra_College%2C_Faridpur_after_the_selection_of_%22Kabar%22_poem_by_the_University_of_Calcutta_while_he_was_a_student_of_I._A_class_in_1928.jpg/500px-thumbnail.jpg?utm_source=en.wikipedia.org&utm_campaign=parser&utm_content=thumbnail,https://thumb.wikimedia.org/wikipedia/commons/thumb/4/43/Jasimuddin_Lomax_1951_%281%29.jpg/500px-Jasimuddin_Lomax_1951_%281%29.jpg?utm_source=en.wikipedia.org&utm_campaign=parser&utm_content=thumbnail,https://thumb.wikimedia.org/wikipedia/commons/thumb/2/2d/Tomb_of_Jasimuddin.jpg/1280px-Tomb_of_Jasimuddin.jpg?utm_source=en.wikipedia.org&utm_campaign=parser&utm_content=thumbnail,https://thumb.wikimedia.org/wikipedia/commons/thumb/f/fe/Jasimuddin_Museum_Faridpur.jpg/1280px-Jasimuddin_Museum_Faridpur.jpg?utm_source=en.wikipedia.org&utm_campaign=parser&utm_content=thumbnail,"[""https://thumb.wikimedia.org/wikipedia/commons/thumb/5/51/Jasimuddin_Lomax_1951_%282%29.jpg/500px-Jasimuddin_Lomax_1951_%282%29.jpg?utm_source=en.wikipedia.org&utm_campaign=parser&utm_content=thumbnail"", ""https://thumb.wikimedia.org/wikipedia/commons/thumb/b/bd/Jasim_Uddin_received_reception_at_Rajenra_College%2C_Faridpur_after_the_selection_of_%22Kabar%22_poem_by_the_University_of_Calcutta_while_he_was_a_student_of_I._A_class_in_1928.jpg/500px-thumbnail.jpg?utm_source=en.wikipedia.org&utm_campaign=parser&utm_content=thumbnail"", ""https://thumb.wikimedia.org/wikipedia/commons/thumb/4/43/Jasimuddin_Lomax_1951_%281%29.jpg/500px-Jasimuddin_Lomax_1951_%281%29.jpg?utm_source=en.wikipedia.org&utm_campaign=parser&utm_content=thumbnail"", ""https://thumb.wikimedia.org/wikipedia/commons/thumb/2/2d/Tomb_of_Jasimuddin.jpg/1280px-Tomb_of_Jasimuddin.jpg?utm_source=en.wikipedia.org&utm_campaign=parser&utm_content=thumbnail"", ""https://thumb.wikimedia.org/wikipedia/commons/thumb/f/fe/Jasimuddin_Museum_Faridpur.jpg/1280px-Jasimuddin_Museum_Faridpur.jpg?utm_source=en.wikipedia.org&utm_campaign=parser&utm_content=thumbnail""]","জসীমউদ্দীন, গ্রামীণ কবি, 'পল্লী কবিতা' ও গ্রাম্য জীবনের চিত্রায়ণে পরিচিত।"
cult_6,জয়নুল আবেদিন,Zainul Abedin,Shilpacharya Painter,Cultural Figures,https://en.wikipedia.org/wiki/Zainul_Abedin,https://thumb.wikimedia.org/wikipedia/commons/thumb/c/ca/Zainul-Abedin-Life-in-Pakistan-1950s-photograph-Digital-image-courtesy-of-Mainul_%28cropped%29.png/330px-Zainul-Abedin-Life-in-Pakistan-1950s-photograph-Digital-image-courtesy-of-Mainul_%28cropped%29.png?utm_source=en.wikipedia.org&utm_campaign=parser&utm_content=thumbnail,https://upload.wikimedia.org/wikipedia/commons/a/a8/Zainul_Abedin_signature_70.jpg?utm_source=en.wikipedia.org&utm_campaign=parser&utm_content=thumbnail_unscaled,https://thumb.wikimedia.org/wikipedia/commons/thumb/d/d6/Jainul_Abedin_Museum.jpg/1280px-Jainul_Abedin_Museum.jpg?utm_source=en.wikipedia.org&utm_campaign=parser&utm_content=thumbnail,https://thumb.wikimedia.org/wikipedia/commons/thumb/b/b1/Grave_of_Jainul_abedin.jpg/1280px-Grave_of_Jainul_abedin.jpg?utm_source=en.wikipedia.org&utm_campaign=parser&utm_content=thumbnail,https://thumb.wikimedia.org/wikipedia/commons/thumb/d/dd/Bust_statue_of_Zainul_Abedin_infront_of_Shilpacharya_Zainul_Folk_and_Craft_Museum%2C_21_February_2019_-_3.jpg/1280px-Bust_statue_of_Zainul_Abedin_infront_of_Shilpacharya_Zainul_Folk_and_Craft_Museum%2C_21_February_2019_-_3.jpg?utm_source=en.wikipedia.org&utm_campaign=parser&utm_content=thumbnail,"[""https://thumb.wikimedia.org/wikipedia/commons/thumb/c/ca/Zainul-Abedin-Life-in-Pakistan-1950s-photograph-Digital-image-courtesy-of-Mainul_%28cropped%29.png/330px-Zainul-Abedin-Life-in-Pakistan-1950s-photograph-Digital-image-courtesy-of-Mainul_%28cropped%29.png?utm_source=en.wikipedia.org&utm_campaign=parser&utm_content=thumbnail"", ""https://upload.wikimedia.org/wikipedia/commons/a/a8/Zainul_Abedin_signature_70.jpg?utm_source=en.wikipedia.org&utm_campaign=parser&utm_content=thumbnail_unscaled"", ""https://thumb.wikimedia.org/wikipedia/commons/thumb/d/d6/Jainul_Abedin_Museum.jpg/1280px-Jainul_Abedin_Museum.jpg?utm_source=en.wikipedia.org&utm_campaign=parser&utm_content=thumbnail"", ""https://thumb.wikimedia.org/wikipedia/commons/thumb/b/b1/Grave_of_Jainul_abedin.jpg/1280px-Grave_of_Jainul_abedin.jpg?utm_source=en.wikipedia.org&utm_campaign=parser&utm_content=thumbnail"", ""https://thumb.wikimedia.org/wikipedia/commons/thumb/d/dd/Bust_statue_of_Zainul_Abedin_infront_of_Shilpacharya_Zainul_Folk_and_Craft_Museum%2C_21_February_2019_-_3.jpg/1280px-Bust_statue_of_Zainul_Abedin_infront_of_Shilpacharya_Zainul_Folk_and_Craft_Museum%2C_21_February_2019_-_3.jpg?utm_source=en.wikipedia.org&utm_campaign=parser&utm_content=thumbnail""]","জয়নুল আবেদিন, চিত্রশিল্পী, মুক্তিযুদ্ধের চিত্র ও বাঙালি চিত্রকলার আধুনিকতায় অবদান।"
cult_7,এস এম সুলতান,S M Sultan,Painter,Cultural Figures,https://en.wikipedia.org/wiki/SM_Sultan,https://upload.wikimedia.org/wikipedia/en/5/55/SM_Sultan_Self-portrait.jpg?utm_source=en.wikipedia.org&utm_campaign=parser&utm_content=thumbnail_unscaled,https://thumb.wikimedia.org/wikipedia/en/thumb/3/35/SM_Sultan_Untitled_Landscape_%281952%29.jpg/330px-SM_Sultan_Untitled_Landscape_%281952%29.jpg?utm_source=en.wikipedia.org&utm_campaign=parser&utm_content=thumbnail,https://upload.wikimedia.org/wikipedia/en/0/08/SM_Sultan_Char_Dakhal_%281976%29.jpg?utm_source=en.wikipedia.org&utm_campaign=parser&utm_content=thumbnail_unscaled,https://thumb.wikimedia.org/wikipedia/commons/thumb/5/56/House_of_SM_Sultan.jpg/1280px-House_of_SM_Sultan.jpg?utm_source=en.wikipedia.org&utm_campaign=parser&utm_content=thumbnail,,"[""https://upload.wikimedia.org/wikipedia/en/5/55/SM_Sultan_Self-portrait.jpg?utm_source=en.wikipedia.org&utm_campaign=parser&utm_content=thumbnail_unscaled"", ""https://thumb.wikimedia.org/wikipedia/en/thumb/3/35/SM_Sultan_Untitled_Landscape_%281952%29.jpg/330px-SM_Sultan_Untitled_Landscape_%281952%29.jpg?utm_source=en.wikipedia.org&utm_campaign=parser&utm_content=thumbnail"", ""https://upload.wikimedia.org/wikipedia/en/0/08/SM_Sultan_Char_Dakhal_%281976%29.jpg?utm_source=en.wikipedia.org&utm_campaign=parser&utm_content=thumbnail_unscaled"", ""https://thumb.wikimedia.org/wikipedia/commons/thumb/5/56/House_of_SM_Sultan.jpg/1280px-House_of_SM_Sultan.jpg?utm_source=en.wikipedia.org&utm_campaign=parser&utm_content=thumbnail""]","এস এম সুলতান, চিত্রশিল্পী, আধুনিক চিত্রকলার পথপ্রদর্শক ও 'অবসার' রচয়িতা।"
cult_8,হুমায়ূন আহমেদ,Humayun Ahmed,Author & Filmmaker,Cultural Figures,https://en.wikipedia.org/wiki/Humayun_Ahmed,https://thumb.wikimedia.org/wikipedia/commons/thumb/8/85/Humayun_Ahmed_13Nov2010.jpg/500px-Humayun_Ahmed_13Nov2010.jpg?utm_source=en.wikipedia.org&utm_campaign=parser&utm_content=thumbnail,https://thumb.wikimedia.org/wikipedia/commons/thumb/4/48/Humayun_Ahmed_01.jpg/1280px-Humayun_Ahmed_01.jpg?utm_source=en.wikipedia.org&utm_campaign=parser&utm_content=thumbnail,https://upload.wikimedia.org/wikipedia/commons/d/d3/Humyun_ahmed_signing_a_book.jpg?utm_source=en.wikipedia.org&utm_campaign=parser&utm_content=thumbnail_unscaled,https://thumb.wikimedia.org/wikipedia/commons/thumb/d/d6/Humayun_Ahmed%2C_Shah_Abdul_Karim_and_Abul_Khayer.jpg/500px-Humayun_Ahmed%2C_Shah_Abdul_Karim_and_Abul_Khayer.jpg?utm_source=en.wikipedia.org&utm_campaign=parser&utm_content=thumbnail,https://thumb.wikimedia.org/wikipedia/commons/thumb/e/e5/Grave_of_Humayun_Ahmed_2.jpg/1280px-Grave_of_Humayun_Ahmed_2.jpg?utm_source=en.wikipedia.org&utm_campaign=parser&utm_content=thumbnail,"[""https://thumb.wikimedia.org/wikipedia/commons/thumb/8/85/Humayun_Ahmed_13Nov2010.jpg/500px-Humayun_Ahmed_13Nov2010.jpg?utm_source=en.wikipedia.org&utm_campaign=parser&utm_content=thumbnail"", ""https://thumb.wikimedia.org/wikipedia/commons/thumb/4/48/Humayun_Ahmed_01.jpg/1280px-Humayun_Ahmed_01.jpg?utm_source=en.wikipedia.org&utm_campaign=parser&utm_content=thumbnail"", ""https://upload.wikimedia.org/wikipedia/commons/d/d3/Humyun_ahmed_signing_a_book.jpg?utm_source=en.wikipedia.org&utm_campaign=parser&utm_content=thumbnail_unscaled"", ""https://thumb.wikimedia.org/wikipedia/commons/thumb/d/d6/Humayun_Ahmed%2C_Shah_Abdul_Karim_and_Abul_Khayer.jpg/500px-Humayun_Ahmed%2C_Shah_Abdul_Karim_and_Abul_Khayer.jpg?utm_source=en.wikipedia.org&utm_campaign=parser&utm_content=thumbnail"", ""https://thumb.wikimedia.org/wikipedia/commons/thumb/e/e5/Grave_of_Humayun_Ahmed_2.jpg/1280px-Grave_of_Humayun_Ahmed_2.jpg?utm_source=en.wikipedia.org&utm_campaign=parser&utm_content=thumbnail""]","হুমায়ূন আহমেদ, উপন্যাসিক ও চলচ্চিত্র নির্মাতা, 'মায়ের গল্প' ও বাঙালি সিনেমার আধুনিকতা গড়ে তুলেছেন।"
cult_9,বেগম রোকেয়া,Begum Rokeya,Pioneer Educator,Cultural Figures,https://en.wikipedia.org/wiki/Begum_Rokeya,https://thumb.wikimedia.org/wikipedia/commons/thumb/7/76/Begum_Rokeya.jpg/330px-Begum_Rokeya.jpg?utm_source=en.wikipedia.org&utm_campaign=parser&utm_content=thumbnail,https://thumb.wikimedia.org/wikipedia/commons/thumb/3/31/%E0%A6%AC%E0%A7%87%E0%A6%97%E0%A6%AE_%E0%A6%B0%E0%A7%8B%E0%A6%95%E0%A7%87%E0%A6%AF%E0%A6%BC%E0%A6%BE%E0%A6%B0_%E0%A6%AC%E0%A6%BE%E0%A6%A1%E0%A6%BC%E0%A6%BF_%2820%29.jpg/1280px-%E0%A6%AC%E0%A7%87%E0%A6%97%E0%A6%AE_%E0%A6%B0%E0%A7%8B%E0%A6%95%E0%A7%87%E0%A6%AF%E0%A6%BC%E0%A6%BE%E0%A6%B0_%E0%A6%AC%E0%A6%BE%E0%A6%A1%E0%A6%BC%E0%A6%BF_%2820%29.jpg?utm_source=en.wikipedia.org&utm_campaign=parser&utm_content=thumbnail,https://thumb.wikimedia.org/wikipedia/commons/thumb/b/b0/BegumRokeyaWithHusband.jpg/330px-BegumRokeyaWithHusband.jpg?utm_source=en.wikipedia.org&utm_campaign=parser&utm_content=thumbnail,https://thumb.wikimedia.org/wikipedia/commons/thumb/e/e7/Tomb_of_Begum_Rokea_04.jpg/1280px-Tomb_of_Begum_Rokea_04.jpg?utm_source=en.wikipedia.org&utm_campaign=parser&utm_content=thumbnail,https://thumb.wikimedia.org/wikipedia/commons/thumb/0/0e/Roquia_Sakhawat_Hussain.jpg/1280px-Roquia_Sakhawat_Hussain.jpg?utm_source=en.wikipedia.org&utm_campaign=parser&utm_content=thumbnail,"[""https://thumb.wikimedia.org/wikipedia/commons/thumb/7/76/Begum_Rokeya.jpg/330px-Begum_Rokeya.jpg?utm_source=en.wikipedia.org&utm_campaign=parser&utm_content=thumbnail"", ""https://thumb.wikimedia.org/wikipedia/commons/thumb/3/31/%E0%A6%AC%E0%A7%87%E0%A6%97%E0%A6%AE_%E0%A6%B0%E0%A7%8B%E0%A6%95%E0%A7%87%E0%A6%AF%E0%A6%BC%E0%A6%BE%E0%A6%B0_%E0%A6%AC%E0%A6%BE%E0%A6%A1%E0%A6%BC%E0%A6%BF_%2820%29.jpg/1280px-%E0%A6%AC%E0%A7%87%E0%A6%97%E0%A6%AE_%E0%A6%B0%E0%A7%8B%E0%A6%95%E0%A7%87%E0%A6%AF%E0%A6%BC%E0%A6%BE%E0%A6%B0_%E0%A6%AC%E0%A6%BE%E0%A6%A1%E0%A6%BC%E0%A6%BF_%2820%29.jpg?utm_source=en.wikipedia.org&utm_campaign=parser&utm_content=thumbnail"", ""https://thumb.wikimedia.org/wikipedia/commons/thumb/b/b0/BegumRokeyaWithHusband.jpg/330px-BegumRokeyaWithHusband.jpg?utm_source=en.wikipedia.org&utm_campaign=parser&utm_content=thumbnail"", ""https://thumb.wikimedia.org/wikipedia/commons/thumb/e/e7/Tomb_of_Begum_Rokea_04.jpg/1280px-Tomb_of_Begum_Rokea_04.jpg?utm_source=en.wikipedia.org&utm_campaign=parser&utm_content=thumbnail"", ""https://thumb.wikimedia.org/wikipedia/commons/thumb/0/0e/Roquia_Sakhawat_Hussain.jpg/1280px-Roquia_Sakhawat_Hussain.jpg?utm_source=en.wikipedia.org&utm_campaign=parser&utm_content=thumbnail""]","বেগম রোকেয়া, নারীবাদী ও শিক্ষাবিদ, মহিলাদের অধিকার ও শিক্ষা সংস্কারের পথিকৃৎ।"
cult_10,জীবনানন্দ দাশ,Jibanananda Das,Poet,Cultural Figures,https://en.wikipedia.org/wiki/Jibanananda_Das,https://upload.wikimedia.org/wikipedia/commons/d/da/Jibanananda_Das_%281899%E2%80%931954%29.jpg?utm_source=en.wikipedia.org&utm_campaign=parser&utm_content=thumbnail_unscaled,https://thumb.wikimedia.org/wikipedia/commons/thumb/b/bc/Jibanananda_Das_signature.svg/330px-Jibanananda_Das_signature.svg.png?utm_source=en.wikipedia.org&utm_campaign=parser&utm_content=thumbnail,https://thumb.wikimedia.org/wikipedia/commons/thumb/1/19/Child_Jibanananda_Das.jpg/330px-Child_Jibanananda_Das.jpg?utm_source=en.wikipedia.org&utm_campaign=parser&utm_content=thumbnail,https://thumb.wikimedia.org/wikipedia/commons/thumb/c/ce/Jibanananda_Das_Old.jpg/500px-Jibanananda_Das_Old.jpg?utm_source=en.wikipedia.org&utm_campaign=parser&utm_content=thumbnail,https://thumb.wikimedia.org/wikipedia/commons/thumb/8/81/Jibanananda_with_his_family.jpg/500px-Jibanananda_with_his_family.jpg?utm_source=en.wikipedia.org&utm_campaign=parser&utm_content=thumbnail,"[""https://upload.wikimedia.org/wikipedia/commons/d/da/Jibanananda_Das_%281899%E2%80%931954%29.jpg?utm_source=en.wikipedia.org&utm_campaign=parser&utm_content=thumbnail_unscaled"", ""https://thumb.wikimedia.org/wikipedia/commons/thumb/b/bc/Jibanananda_Das_signature.svg/330px-Jibanananda_Das_signature.svg.png?utm_source=en.wikipedia.org&utm_campaign=parser&utm_content=thumbnail"", ""https://thumb.wikimedia.org/wikipedia/commons/thumb/1/19/Child_Jibanananda_Das.jpg/330px-Child_Jibanananda_Das.jpg?utm_source=en.wikipedia.org&utm_campaign=parser&utm_content=thumbnail"", ""https://thumb.wikimedia.org/wikipedia/commons/thumb/c/ce/Jibanananda_Das_Old.jpg/500px-Jibanananda_Das_Old.jpg?utm_source=en.wikipedia.org&utm_campaign=parser&utm_content=thumbnail"", ""https://thumb.wikimedia.org/wikipedia/commons/thumb/8/81/Jibanananda_with_his_family.jpg/500px-Jibanananda_with_his_family.jpg?utm_source=en.wikipedia.org&utm_campaign=parser&utm_content=thumbnail""]","জীবনানন্দ দাশ, কবি, প্রকৃতি কবিতা ও বাঙালি কবিতার আধুনিকতায় অবদান।"
cult_11,মুহম্মদ শহীদুল্লাহ,Muhammad Shahidullah,Linguist,Cultural Figures,https://en.wikipedia.org/wiki/Muhammad_Shahidullah,https://thumb.wikimedia.org/wikipedia/commons/thumb/b/bd/Mohammod_Sohidullah.jpg/500px-Mohammod_Sohidullah.jpg?utm_source=en.wikipedia.org&utm_campaign=parser&utm_content=thumbnail,https://thumb.wikimedia.org/wikipedia/commons/thumb/f/fe/Shahidulla.jpg/330px-Shahidulla.jpg?utm_source=en.wikipedia.org&utm_campaign=parser&utm_content=thumbnail,https://thumb.wikimedia.org/wikipedia/commons/thumb/5/56/Dr_Shahidulla%27s_tomb.jpg/1280px-Dr_Shahidulla%27s_tomb.jpg?utm_source=en.wikipedia.org&utm_campaign=parser&utm_content=thumbnail,,,"[""https://thumb.wikimedia.org/wikipedia/commons/thumb/b/bd/Mohammod_Sohidullah.jpg/500px-Mohammod_Sohidullah.jpg?utm_source=en.wikipedia.org&utm_campaign=parser&utm_content=thumbnail"", ""https://thumb.wikimedia.org/wikipedia/commons/thumb/f/fe/Shahidulla.jpg/330px-Shahidulla.jpg?utm_source=en.wikipedia.org&utm_campaign=parser&utm_content=thumbnail"", ""https://thumb.wikimedia.org/wikipedia/commons/thumb/5/56/Dr_Shahidulla%27s_tomb.jpg/1280px-Dr_Shahidulla%27s_tomb.jpg?utm_source=en.wikipedia.org&utm_campaign=parser&utm_content=thumbnail""]","মুহম্মদ শহীদুল্লাহ, ভাষাবিজ্ঞানী, বাংলা ভাষা গবেষণা ও শব্দকোষ রচনায় অগ্রদূত।"
cult_12,জগদীশ চন্দ্র বসু,Jagadish Chandra Bose,Polymath Scientist,Cultural Figures,https://en.wikipedia.org/wiki/Jagadish_Chandra_Bose,https://thumb.wikimedia.org/wikipedia/commons/thumb/5/56/J.C.Bose.JPG/500px-J.C.Bose.JPG?utm_source=en.wikipedia.org&utm_campaign=parser&utm_content=thumbnail,https://thumb.wikimedia.org/wikipedia/commons/thumb/2/26/Microwave_Apparatus_-_Jagadish_Chandra_Bose_Museum_-_Bose_Institute_-_Kolkata_2011-07-26_4051.JPG/1280px-Microwave_Apparatus_-_Jagadish_Chandra_Bose_Museum_-_Bose_Institute_-_Kolkata_2011-07-26_4051.JPG?utm_source=en.wikipedia.org&utm_campaign=parser&utm_content=thumbnail,https://thumb.wikimedia.org/wikipedia/commons/thumb/8/83/Jagadish_Chandra_Bose_microwave_apparatus.png/500px-Jagadish_Chandra_Bose_microwave_apparatus.png?utm_source=en.wikipedia.org&utm_campaign=parser&utm_content=thumbnail,https://thumb.wikimedia.org/wikipedia/commons/thumb/6/63/M_N_Saha%2C_J_C_Bose%2C_J_C_Ghosh%2C_Snehamoy_Dutt%2C_S_N_Bose%2C_D_M_Bose%2C_N_R_Sen%2C_J_N_Mukherjee%2C_N_C_Nag.jpg/500px-M_N_Saha%2C_J_C_Bose%2C_J_C_Ghosh%2C_Snehamoy_Dutt%2C_S_N_Bose%2C_D_M_Bose%2C_N_R_Sen%2C_J_N_Mukherjee%2C_N_C_Nag.jpg?utm_source=en.wikipedia.org&utm_campaign=parser&utm_content=thumbnail,https://thumb.wikimedia.org/wikipedia/commons/thumb/0/04/Crescograph_-_Jagadish_Chandra_Bose_Museum_-_Bose_Institute_-_Kolkata_2011-07-26_4040_Cropped.JPG/1280px-Crescograph_-_Jagadish_Chandra_Bose_Museum_-_Bose_Institute_-_Kolkata_2011-07-26_4040_Cropped.JPG?utm_source=en.wikipedia.org&utm_campaign=parser&utm_content=thumbnail,"[""https://thumb.wikimedia.org/wikipedia/commons/thumb/5/56/J.C.Bose.JPG/500px-J.C.Bose.JPG?utm_source=en.wikipedia.org&utm_campaign=parser&utm_content=thumbnail"", ""https://thumb.wikimedia.org/wikipedia/commons/thumb/2/26/Microwave_Apparatus_-_Jagadish_Chandra_Bose_Museum_-_Bose_Institute_-_Kolkata_2011-07-26_4051.JPG/1280px-Microwave_Apparatus_-_Jagadish_Chandra_Bose_Museum_-_Bose_Institute_-_Kolkata_2011-07-26_4051.JPG?utm_source=en.wikipedia.org&utm_campaign=parser&utm_content=thumbnail"", ""https://thumb.wikimedia.org/wikipedia/commons/thumb/8/83/Jagadish_Chandra_Bose_microwave_apparatus.png/500px-Jagadish_Chandra_Bose_microwave_apparatus.png?utm_source=en.wikipedia.org&utm_campaign=parser&utm_content=thumbnail"", ""https://thumb.wikimedia.org/wikipedia/commons/thumb/6/63/M_N_Saha%2C_J_C_Bose%2C_J_C_Ghosh%2C_Snehamoy_Dutt%2C_S_N_Bose%2C_D_M_Bose%2C_N_R_Sen%2C_J_N_Mukherjee%2C_N_C_Nag.jpg/500px-M_N_Saha%2C_J_C_Bose%2C_J_C_Ghosh%2C_Snehamoy_Dutt%2C_S_N_Bose%2C_D_M_Bose%2C_N_R_Sen%2C_J_N_Mukherjee%2C_N_C_Nag.jpg?utm_source=en.wikipedia.org&utm_campaign=parser&utm_content=thumbnail"", ""https://thumb.wikimedia.org/wikipedia/commons/thumb/0/04/Crescograph_-_Jagadish_Chandra_Bose_Museum_-_Bose_Institute_-_Kolkata_2011-07-26_4040_Cropped.JPG/1280px-Crescograph_-_Jagadish_Chandra_Bose_Museum_-_Bose_Institute_-_Kolkata_2011-07-26_4040_Cropped.JPG?utm_source=en.wikipedia.org&utm_campaign=parser&utm_content=thumbnail""]","জগদীশ চন্দ্র বসু, বিজ্ঞানী, বৈদ্যুতিক চৌম্বকীয় তরঙ্গ ও বৈজ্ঞানিক গবেষণায় অবদান।"
cult_13,সত্যেন্দ্রনাথ বসু,Satyendra Nath Bose,Physicist (Bose-Einstein),Cultural Figures,https://en.wikipedia.org/wiki/Satyendra_Nath_Bose,https://thumb.wikimedia.org/wikipedia/commons/thumb/f/fe/SatyenBose1925.jpg/330px-SatyenBose1925.jpg?utm_source=en.wikipedia.org&utm_campaign=parser&utm_content=thumbnail,https://thumb.wikimedia.org/wikipedia/commons/thumb/3/30/Signature_Satyendranath_Bose.svg/1280px-Signature_Satyendranath_Bose.svg.png?utm_source=en.wikipedia.org&utm_campaign=parser&utm_content=thumbnail,https://wikimedia.org/api/rest_v1/media/math/render/svg/1799e4a910c7d26396922a20ef5ceec25ca1871c,https://thumb.wikimedia.org/wikipedia/commons/thumb/c/cc/House_of_Satyendra_Nath_Bose_01.jpg/1280px-House_of_Satyendra_Nath_Bose_01.jpg?utm_source=en.wikipedia.org&utm_campaign=parser&utm_content=thumbnail,https://thumb.wikimedia.org/wikipedia/commons/thumb/8/8a/House_of_Acharya_Satyendra_Nath_Bose.jpg/1280px-House_of_Acharya_Satyendra_Nath_Bose.jpg?utm_source=en.wikipedia.org&utm_campaign=parser&utm_content=thumbnail,"[""https://thumb.wikimedia.org/wikipedia/commons/thumb/f/fe/SatyenBose1925.jpg/330px-SatyenBose1925.jpg?utm_source=en.wikipedia.org&utm_campaign=parser&utm_content=thumbnail"", ""https://thumb.wikimedia.org/wikipedia/commons/thumb/3/30/Signature_Satyendranath_Bose.svg/1280px-Signature_Satyendranath_Bose.svg.png?utm_source=en.wikipedia.org&utm_campaign=parser&utm_content=thumbnail"", ""https://wikimedia.org/api/rest_v1/media/math/render/svg/1799e4a910c7d26396922a20ef5ceec25ca1871c"", ""https://thumb.wikimedia.org/wikipedia/commons/thumb/c/cc/House_of_Satyendra_Nath_Bose_01.jpg/1280px-House_of_Satyendra_Nath_Bose_01.jpg?utm_source=en.wikipedia.org&utm_campaign=parser&utm_content=thumbnail"", ""https://thumb.wikimedia.org/wikipedia/commons/thumb/8/8a/House_of_Acharya_Satyendra_Nath_Bose.jpg/1280px-House_of_Acharya_Satyendra_Nath_Bose.jpg?utm_source=en.wikipedia.org&utm_campaign=parser&utm_content=thumbnail""]","সত্যেন্দ্রনাথ বসু, পদার্থবিদ, বস-ইনস্টাইন কনডেনসেট তত্ত্বের পথিকৃৎ।"
cult_14,তারেক মাসুদ,Tareque Masud,Filmmaker,Cultural Figures,https://en.wikipedia.org/wiki/Tareque_Masud,https://thumb.wikimedia.org/wikipedia/commons/thumb/7/71/Tareque_Masud_Syl.jpg/500px-Tareque_Masud_Syl.jpg?utm_source=en.wikipedia.org&utm_campaign=parser&utm_content=thumbnail,https://thumb.wikimedia.org/wikipedia/commons/thumb/d/dd/Tareque_Masud%2C_Sylhet.jpg/500px-Tareque_Masud%2C_Sylhet.jpg?utm_source=en.wikipedia.org&utm_campaign=parser&utm_content=thumbnail,https://thumb.wikimedia.org/wikipedia/commons/thumb/0/03/Microbus_Wreckage_-_Dhaka-Cha-13-0302_-_Mishuk_Munier_and_Tareque_Masud_Memorial_-_University_of_Dhaka_Campus_-_Dhaka_2015-05-31_2493.JPG/1280px-Microbus_Wreckage_-_Dhaka-Cha-13-0302_-_Mishuk_Munier_and_Tareque_Masud_Memorial_-_University_of_Dhaka_Campus_-_Dhaka_2015-05-31_2493.JPG?utm_source=en.wikipedia.org&utm_campaign=parser&utm_content=thumbnail,,,"[""https://thumb.wikimedia.org/wikipedia/commons/thumb/7/71/Tareque_Masud_Syl.jpg/500px-Tareque_Masud_Syl.jpg?utm_source=en.wikipedia.org&utm_campaign=parser&utm_content=thumbnail"", ""https://thumb.wikimedia.org/wikipedia/commons/thumb/d/dd/Tareque_Masud%2C_Sylhet.jpg/500px-Tareque_Masud%2C_Sylhet.jpg?utm_source=en.wikipedia.org&utm_campaign=parser&utm_content=thumbnail"", ""https://thumb.wikimedia.org/wikipedia/commons/thumb/0/03/Microbus_Wreckage_-_Dhaka-Cha-13-0302_-_Mishuk_Munier_and_Tareque_Masud_Memorial_-_University_of_Dhaka_Campus_-_Dhaka_2015-05-31_2493.JPG/1280px-Microbus_Wreckage_-_Dhaka-Cha-13-0302_-_Mishuk_Munier_and_Tareque_Masud_Memorial_-_University_of_Dhaka_Campus_-_Dhaka_2015-05-31_2493.JPG?utm_source=en.wikipedia.org&utm_campaign=parser&utm_content=thumbnail""]","তারেক মাসুদ, চলচ্চিত্র নির্মাতা, বাঙালি সিনেমার আধুনিকতা ও সামাজিক সমালোচনার পথিকৃৎ।"
cult_15,শামসুর রাহমান,Shamsur Rahman,Poet,Cultural Figures,https://en.wikipedia.org/wiki/Shamsur_Rahman_(poet),https://thumb.wikimedia.org/wikipedia/commons/thumb/0/0a/Shamsur_Rahman_Pohela_Falgun_1412_%28cropped%29.jpg/330px-Shamsur_Rahman_Pohela_Falgun_1412_%28cropped%29.jpg?utm_source=en.wikipedia.org&utm_campaign=parser&utm_content=thumbnail,https://thumb.wikimedia.org/wikipedia/commons/thumb/f/f3/Shamsur_Sign.jpg/500px-Shamsur_Sign.jpg?utm_source=en.wikipedia.org&utm_campaign=parser&utm_content=thumbnail,,,,"[""https://thumb.wikimedia.org/wikipedia/commons/thumb/0/0a/Shamsur_Rahman_Pohela_Falgun_1412_%28cropped%29.jpg/330px-Shamsur_Rahman_Pohela_Falgun_1412_%28cropped%29.jpg?utm_source=en.wikipedia.org&utm_campaign=parser&utm_content=thumbnail"", ""https://thumb.wikimedia.org/wikipedia/commons/thumb/f/f3/Shamsur_Sign.jpg/500px-Shamsur_Sign.jpg?utm_source=en.wikipedia.org&utm_campaign=parser&utm_content=thumbnail""]","শামসুর রাহমান, কবি, সামাজিক কবিতা ও বাঙালি কবিতার আধুনিকতায় অবদান।"
cult_16,আবদুল জব্বার,Abdul Jabbar,Swadhin Bangla Betar Singer,Cultural Figures,https://en.wikipedia.org/wiki/Abdul_Jabbar_(singer),https://upload.wikimedia.org/wikipedia/commons/6/69/Mohammed_Abdul_Jabbar_%28cropped%29.jpg?utm_source=en.wikipedia.org&utm_campaign=parser&utm_content=thumbnail_unscaled,,,,,"[""https://upload.wikimedia.org/wikipedia/commons/6/69/Mohammed_Abdul_Jabbar_%28cropped%29.jpg?utm_source=en.wikipedia.org&utm_campaign=parser&utm_content=thumbnail_unscaled""]","আবদুল জব্বার, স্বাধিন বাংলা বেতার গায়ক, মুক্তিযুদ্ধের গান ও জাতীয় গীত গাইতেন।"
cult_17,রুনা লায়লা,Runa Laila,Playback Singer,Cultural Figures,https://en.wikipedia.org/wiki/Runa_Laila,https://thumb.wikimedia.org/wikipedia/commons/thumb/d/d0/Runa_Laila_2023.jpg/1280px-Runa_Laila_2023.jpg?utm_source=en.wikipedia.org&utm_campaign=parser&utm_content=thumbnail,https://thumb.wikimedia.org/wikipedia/commons/thumb/b/bd/Sabina_Yasmin_%26_Runa_Laila_receiving_honorary_at_Bangladesh_National_Film_Awards_ceremony_in_2015.jpg/1280px-Sabina_Yasmin_%26_Runa_Laila_receiving_honorary_at_Bangladesh_National_Film_Awards_ceremony_in_2015.jpg?utm_source=en.wikipedia.org&utm_campaign=parser&utm_content=thumbnail,,,,"[""https://thumb.wikimedia.org/wikipedia/commons/thumb/d/d0/Runa_Laila_2023.jpg/1280px-Runa_Laila_2023.jpg?utm_source=en.wikipedia.org&utm_campaign=parser&utm_content=thumbnail"", ""https://thumb.wikimedia.org/wikipedia/commons/thumb/b/bd/Sabina_Yasmin_%26_Runa_Laila_receiving_honorary_at_Bangladesh_National_Film_Awards_ceremony_in_2015.jpg/1280px-Sabina_Yasmin_%26_Runa_Laila_receiving_honorary_at_Bangladesh_National_Film_Awards_ceremony_in_2015.jpg?utm_source=en.wikipedia.org&utm_campaign=parser&utm_content=thumbnail""]","রুনা লায়লা, গায়িকা, পপ সঙ্গীত ও বাঙালি গানের মাধ্যমে জনপ্রিয়তা অর্জন।"
cult_18,আইয়ুব বাচ্চু,Ayub Bachchu,Rock Legend Musician,Cultural Figures,https://en.wikipedia.org/wiki/Ayub_Bachchu,https://thumb.wikimedia.org/wikipedia/commons/thumb/d/da/LRB_Ayub_Bachchu_%28cropped%29.jpg/500px-LRB_Ayub_Bachchu_%28cropped%29.jpg?utm_source=en.wikipedia.org&utm_campaign=parser&utm_content=thumbnail,https://upload.wikimedia.org/wikipedia/commons/f/fb/Ayub_Bachchu.jpg?utm_source=en.wikipedia.org&utm_campaign=parser&utm_content=thumbnail_unscaled,https://thumb.wikimedia.org/wikipedia/commons/thumb/5/51/Rupali_Guitar_%2801%29.jpg/1280px-Rupali_Guitar_%2801%29.jpg?utm_source=en.wikipedia.org&utm_campaign=parser&utm_content=thumbnail,https://thumb.wikimedia.org/wikipedia/commons/thumb/4/46/KM_Khalid_hands_over_royalties_for_Ayub_Bachchu_songs_at_National_Library_Auditorium_Dhaka_2021-10-12_%28PID-0027223%29.jpg/1280px-KM_Khalid_hands_over_royalties_for_Ayub_Bachchu_songs_at_National_Library_Auditorium_Dhaka_2021-10-12_%28PID-0027223%29.jpg?utm_source=en.wikipedia.org&utm_campaign=parser&utm_content=thumbnail,,"[""https://thumb.wikimedia.org/wikipedia/commons/thumb/d/da/LRB_Ayub_Bachchu_%28cropped%29.jpg/500px-LRB_Ayub_Bachchu_%28cropped%29.jpg?utm_source=en.wikipedia.org&utm_campaign=parser&utm_content=thumbnail"", ""https://upload.wikimedia.org/wikipedia/commons/f/fb/Ayub_Bachchu.jpg?utm_source=en.wikipedia.org&utm_campaign=parser&utm_content=thumbnail_unscaled"", ""https://thumb.wikimedia.org/wikipedia/commons/thumb/5/51/Rupali_Guitar_%2801%29.jpg/1280px-Rupali_Guitar_%2801%29.jpg?utm_source=en.wikipedia.org&utm_campaign=parser&utm_content=thumbnail"", ""https://thumb.wikimedia.org/wikipedia/commons/thumb/4/46/KM_Khalid_hands_over_royalties_for_Ayub_Bachchu_songs_at_National_Library_Auditorium_Dhaka_2021-10-12_%28PID-0027223%29.jpg/1280px-KM_Khalid_hands_over_royalties_for_Ayub_Bachchu_songs_at_National_Library_Auditorium_Dhaka_2021-10-12_%28PID-0027223%29.jpg?utm_source=en.wikipedia.org&utm_campaign=parser&utm_content=thumbnail""]","আইয়ুব বাচ্চু, রক সঙ্গীতশিল্পী, রক সঙ্গীতের পথিকৃৎ।"
cult_19,জেমস,James (Faruq Mahfuz Anam),Nagar Baul Rock Icon,Cultural Figures,https://en.wikipedia.org/wiki/James_(musician),https://thumb.wikimedia.org/wikipedia/commons/thumb/f/fa/James_playing_stockholm.jpg/1280px-James_playing_stockholm.jpg?utm_source=en.wikipedia.org&utm_campaign=parser&utm_content=thumbnail,https://thumb.wikimedia.org/wikipedia/commons/thumb/b/b8/Sheikh_Hasina_presents_National_Film_Awards_2017_2018_Bangabandhu_International_Conference_Center_Dhaka_2019-12-08_%28PID-0035514%29.jpg/1280px-Sheikh_Hasina_presents_National_Film_Awards_2017_2018_Bangabandhu_International_Conference_Center_Dhaka_2019-12-08_%28PID-0035514%29.jpg?utm_source=en.wikipedia.org&utm_campaign=parser&utm_content=thumbnail,,,,"[""https://thumb.wikimedia.org/wikipedia/commons/thumb/f/fa/James_playing_stockholm.jpg/1280px-James_playing_stockholm.jpg?utm_source=en.wikipedia.org&utm_campaign=parser&utm_content=thumbnail"", ""https://thumb.wikimedia.org/wikipedia/commons/thumb/b/b8/Sheikh_Hasina_presents_National_Film_Awards_2017_2018_Bangabandhu_International_Conference_Center_Dhaka_2019-12-08_%28PID-0035514%29.jpg/1280px-Sheikh_Hasina_presents_National_Film_Awards_2017_2018_Bangabandhu_International_Conference_Center_Dhaka_2019-12-08_%28PID-0035514%29.jpg?utm_source=en.wikipedia.org&utm_campaign=parser&utm_content=thumbnail""]","জেমস (ফারুক মাহফুজ আনাম), নগর বাউল রক আইকন, সঙ্গীতের আধুনিকতা ও সাংস্কৃতিক সমন্বয় গড়ে তুলেছেন।"
cult_20,মুনীর চৌধুরী,Munier Choudhury,Martyred Intellectual Playwright,Cultural Figures,https://en.wikipedia.org/wiki/Munier_Choudhury,https://upload.wikimedia.org/wikipedia/en/8/8e/Munier_Chowdhury.jpg?utm_source=en.wikipedia.org&utm_campaign=parser&utm_content=thumbnail_unscaled,https://thumb.wikimedia.org/wikipedia/commons/thumb/8/87/Munier_Chowdhury_and_his_wife_before_1950.jpg/500px-Munier_Chowdhury_and_his_wife_before_1950.jpg?utm_source=en.wikipedia.org&utm_campaign=parser&utm_content=thumbnail,https://thumb.wikimedia.org/wikipedia/commons/thumb/d/d1/Munier_Choudhury_1957.jpg/500px-Munier_Choudhury_1957.jpg?utm_source=en.wikipedia.org&utm_campaign=parser&utm_content=thumbnail,,,"[""https://upload.wikimedia.org/wikipedia/en/8/8e/Munier_Chowdhury.jpg?utm_source=en.wikipedia.org&utm_campaign=parser&utm_content=thumbnail_unscaled"", ""https://thumb.wikimedia.org/wikipedia/commons/thumb/8/87/Munier_Chowdhury_and_his_wife_before_1950.jpg/500px-Munier_Chowdhury_and_his_wife_before_1950.jpg?utm_source=en.wikipedia.org&utm_campaign=parser&utm_content=thumbnail"", ""https://thumb.wikimedia.org/wikipedia/commons/thumb/d/d1/Munier_Choudhury_1957.jpg/500px-Munier_Choudhury_1957.jpg?utm_source=en.wikipedia.org&utm_campaign=parser&utm_content=thumbnail""]",মুনীর চৌধুরী বাংলাদেশের এক অবিসংবাদিত প্রখ্যাত ব্যক্তিত্ব।
cult_21,জহির রায়হান,Zahir Raihan,Martyred Novelist & Filmmaker,Cultural Figures,https://en.wikipedia.org/wiki/Zahir_Raihan,https://upload.wikimedia.org/wikipedia/commons/c/c2/Zahir_Raihan_%281935%E2%80%931972%29.jpg?utm_source=en.wikipedia.org&utm_campaign=parser&utm_content=thumbnail_unscaled,https://thumb.wikimedia.org/wikipedia/commons/thumb/f/ff/Zahir_Raihan_1961.jpg/500px-Zahir_Raihan_1961.jpg?utm_source=en.wikipedia.org&utm_campaign=parser&utm_content=thumbnail,,,,"[""https://upload.wikimedia.org/wikipedia/commons/c/c2/Zahir_Raihan_%281935%E2%80%931972%29.jpg?utm_source=en.wikipedia.org&utm_campaign=parser&utm_content=thumbnail_unscaled"", ""https://thumb.wikimedia.org/wikipedia/commons/thumb/f/ff/Zahir_Raihan_1961.jpg/500px-Zahir_Raihan_1961.jpg?utm_source=en.wikipedia.org&utm_campaign=parser&utm_content=thumbnail""]",জহির রায়হান বাংলাদেশের এক অবিসংবাদিত প্রখ্যাত ব্যক্তিত্ব।
