entity_id,name_bn,name_en,category,heritage_kind,latitude,longitude,wiki_url,image_1,image_2,image_3,image_4,image_5,images_json,summary_bn
heri_0,বায়তুল মোকাররম জাতীয় মসজিদ,Baitul Mukarram National Mosque,Heritage Sites,Islam,23.7252,90.4163,https://en.wikipedia.org/wiki/Baitul_Mukarram_National_Mosque,https://thumb.wikimedia.org/wikipedia/commons/thumb/0/09/Baitul_Mukarram_National_Mosque_in_2022.09.jpg/1280px-Baitul_Mukarram_National_Mosque_in_2022.09.jpg?utm_source=en.wikipedia.org&utm_campaign=parser&utm_content=thumbnail,https://thumb.wikimedia.org/wikipedia/commons/thumb/6/60/An_architect%27s_view_of_Baitul_Mukarram%2C_Dhaka.jpg/500px-An_architect%27s_view_of_Baitul_Mukarram%2C_Dhaka.jpg?utm_source=en.wikipedia.org&utm_campaign=parser&utm_content=thumbnail,https://thumb.wikimedia.org/wikipedia/commons/thumb/8/8e/Inside_view_of_Baitul_Mukarram_National_Mosque.jpg/500px-Inside_view_of_Baitul_Mukarram_National_Mosque.jpg?utm_source=en.wikipedia.org&utm_campaign=parser&utm_content=thumbnail,https://thumb.wikimedia.org/wikipedia/commons/thumb/8/8f/%E0%A6%AC%E0%A6%BE%E0%A6%AF%E0%A6%BC%E0%A6%A4%E0%A7%81%E0%A6%B2_%E0%A6%AE%E0%A7%8B%E0%A6%95%E0%A6%BE%E0%A6%B0%E0%A6%B0%E0%A6%AE.jpg/500px-%E0%A6%AC%E0%A6%BE%E0%A6%AF%E0%A6%BC%E0%A6%A4%E0%A7%81%E0%A6%B2_%E0%A6%AE%E0%A7%8B%E0%A6%95%E0%A6%BE%E0%A6%B0%E0%A6%B0%E0%A6%AE.jpg?utm_source=en.wikipedia.org&utm_campaign=parser&utm_content=thumbnail,https://thumb.wikimedia.org/wikipedia/commons/thumb/b/b2/Design_at_dome_in_Baitul_Mukarram.jpg/500px-Design_at_dome_in_Baitul_Mukarram.jpg?utm_source=en.wikipedia.org&utm_campaign=parser&utm_content=thumbnail,"[""https://thumb.wikimedia.org/wikipedia/commons/thumb/0/09/Baitul_Mukarram_National_Mosque_in_2022.09.jpg/1280px-Baitul_Mukarram_National_Mosque_in_2022.09.jpg?utm_source=en.wikipedia.org&utm_campaign=parser&utm_content=thumbnail"", ""https://thumb.wikimedia.org/wikipedia/commons/thumb/6/60/An_architect%27s_view_of_Baitul_Mukarram%2C_Dhaka.jpg/500px-An_architect%27s_view_of_Baitul_Mukarram%2C_Dhaka.jpg?utm_source=en.wikipedia.org&utm_campaign=parser&utm_content=thumbnail"", ""https://thumb.wikimedia.org/wikipedia/commons/thumb/8/8e/Inside_view_of_Baitul_Mukarram_National_Mosque.jpg/500px-Inside_view_of_Baitul_Mukarram_National_Mosque.jpg?utm_source=en.wikipedia.org&utm_campaign=parser&utm_content=thumbnail"", ""https://thumb.wikimedia.org/wikipedia/commons/thumb/8/8f/%E0%A6%AC%E0%A6%BE%E0%A6%AF%E0%A6%BC%E0%A6%A4%E0%A7%81%E0%A6%B2_%E0%A6%AE%E0%A7%8B%E0%A6%95%E0%A6%BE%E0%A6%B0%E0%A6%B0%E0%A6%AE.jpg/500px-%E0%A6%AC%E0%A6%BE%E0%A6%AF%E0%A6%BC%E0%A6%A4%E0%A7%81%E0%A6%B2_%E0%A6%AE%E0%A7%8B%E0%A6%95%E0%A6%BE%E0%A6%B0%E0%A6%B0%E0%A6%AE.jpg?utm_source=en.wikipedia.org&utm_campaign=parser&utm_content=thumbnail"", ""https://thumb.wikimedia.org/wikipedia/commons/thumb/b/b2/Design_at_dome_in_Baitul_Mukarram.jpg/500px-Design_at_dome_in_Baitul_Mukarram.jpg?utm_source=en.wikipedia.org&utm_campaign=parser&utm_content=thumbnail""]",বায়তুল মোকাররম জাতীয় মসজিদ বাংলাদেশের একটি ঐতিহাসিক জাতীয় ঐতিহ্যবাহী স্থান।
heri_1,ঢাকেশ্বরী জাতীয় মন্দির,Dhakeshwari National Temple,Heritage Sites,Hinduism,23.7209,90.3874,https://en.wikipedia.org/wiki/Dhakeshwari_Temple,https://thumb.wikimedia.org/wikipedia/commons/thumb/7/77/Main_Temple_of_Dhakeswari.jpg/1280px-Main_Temple_of_Dhakeswari.jpg?utm_source=en.wikipedia.org&utm_campaign=parser&utm_content=thumbnail,https://thumb.wikimedia.org/wikipedia/commons/thumb/0/07/Dhakeswori_Mata.jpg/1280px-Dhakeswori_Mata.jpg?utm_source=en.wikipedia.org&utm_campaign=parser&utm_content=thumbnail,https://thumb.wikimedia.org/wikipedia/commons/thumb/d/dd/Dhakeshwari_temple_statue_by_Ragib_Hasan.jpg/500px-Dhakeshwari_temple_statue_by_Ragib_Hasan.jpg?utm_source=en.wikipedia.org&utm_campaign=parser&utm_content=thumbnail,https://thumb.wikimedia.org/wikipedia/commons/thumb/2/2f/Dhakeshwari_Temple.jpg/1280px-Dhakeshwari_Temple.jpg?utm_source=en.wikipedia.org&utm_campaign=parser&utm_content=thumbnail,https://thumb.wikimedia.org/wikipedia/commons/thumb/0/02/Dhakeshwari_temple_compound_entrance_by_Ragib_Hasan.jpg/1280px-Dhakeshwari_temple_compound_entrance_by_Ragib_Hasan.jpg?utm_source=en.wikipedia.org&utm_campaign=parser&utm_content=thumbnail,"[""https://thumb.wikimedia.org/wikipedia/commons/thumb/7/77/Main_Temple_of_Dhakeswari.jpg/1280px-Main_Temple_of_Dhakeswari.jpg?utm_source=en.wikipedia.org&utm_campaign=parser&utm_content=thumbnail"", ""https://thumb.wikimedia.org/wikipedia/commons/thumb/0/07/Dhakeswori_Mata.jpg/1280px-Dhakeswori_Mata.jpg?utm_source=en.wikipedia.org&utm_campaign=parser&utm_content=thumbnail"", ""https://thumb.wikimedia.org/wikipedia/commons/thumb/d/dd/Dhakeshwari_temple_statue_by_Ragib_Hasan.jpg/500px-Dhakeshwari_temple_statue_by_Ragib_Hasan.jpg?utm_source=en.wikipedia.org&utm_campaign=parser&utm_content=thumbnail"", ""https://thumb.wikimedia.org/wikipedia/commons/thumb/2/2f/Dhakeshwari_Temple.jpg/1280px-Dhakeshwari_Temple.jpg?utm_source=en.wikipedia.org&utm_campaign=parser&utm_content=thumbnail"", ""https://thumb.wikimedia.org/wikipedia/commons/thumb/0/02/Dhakeshwari_temple_compound_entrance_by_Ragib_Hasan.jpg/1280px-Dhakeshwari_temple_compound_entrance_by_Ragib_Hasan.jpg?utm_source=en.wikipedia.org&utm_campaign=parser&utm_content=thumbnail""]",ঢাকেশ্বরী জাতীয় মন্দির বাংলাদেশের একটি ঐতিহাসিক জাতীয় ঐতিহ্যবাহী স্থান।
heri_2,আর্মেনীয় গির্জা,Armenian Church of Dhaka,Heritage Sites,Christianity,23.7234,90.4043,"https://en.wikipedia.org/wiki/Armenian_Church,_Dhaka",https://thumb.wikimedia.org/wikipedia/commons/thumb/c/c6/%E0%A6%86%E0%A6%B0%E0%A7%8D%E0%A6%AE%E0%A7%87%E0%A6%A8%E0%A6%BF%E0%A6%AF%E0%A6%BC%E0%A6%BE%E0%A6%A8_%E0%A6%97%E0%A6%BF%E0%A6%B0%E0%A7%8D%E0%A6%9C%E0%A6%BE%E0%A6%B0_%E0%A6%AA%E0%A6%BE%E0%A6%B0%E0%A7%8D%E0%A6%B6%E0%A7%8D%E0%A6%AC%E0%A6%A6%E0%A7%83%E0%A6%B6%E0%A7%8D%E0%A6%AF.jpg/1280px-%E0%A6%86%E0%A6%B0%E0%A7%8D%E0%A6%AE%E0%A7%87%E0%A6%A8%E0%A6%BF%E0%A6%AF%E0%A6%BC%E0%A6%BE%E0%A6%A8_%E0%A6%97%E0%A6%BF%E0%A6%B0%E0%A7%8D%E0%A6%9C%E0%A6%BE%E0%A6%B0_%E0%A6%AA%E0%A6%BE%E0%A6%B0%E0%A7%8D%E0%A6%B6%E0%A7%8D%E0%A6%AC%E0%A6%A6%E0%A7%83%E0%A6%B6%E0%A7%8D%E0%A6%AF.jpg?utm_source=en.wikipedia.org&utm_campaign=parser&utm_content=thumbnail,https://thumb.wikimedia.org/wikipedia/commons/thumb/0/0c/Armenian_Church_%282250400093%29.jpg/500px-Armenian_Church_%282250400093%29.jpg?utm_source=en.wikipedia.org&utm_campaign=parser&utm_content=thumbnail,https://thumb.wikimedia.org/wikipedia/commons/thumb/b/b3/Entrance_of_Armenian_Church_in_Old_Dhaka.JPG/250px-Entrance_of_Armenian_Church_in_Old_Dhaka.JPG?utm_source=en.wikipedia.org&utm_campaign=parser&utm_content=thumbnail,https://thumb.wikimedia.org/wikipedia/commons/thumb/5/5c/Armenian_Church_in_Old_Dhaka.JPG/250px-Armenian_Church_in_Old_Dhaka.JPG?utm_source=en.wikipedia.org&utm_campaign=parser&utm_content=thumbnail,https://thumb.wikimedia.org/wikipedia/commons/thumb/f/fe/Armenian_Church_%282368437414%29.jpg/250px-Armenian_Church_%282368437414%29.jpg?utm_source=en.wikipedia.org&utm_campaign=parser&utm_content=thumbnail,"[""https://thumb.wikimedia.org/wikipedia/commons/thumb/c/c6/%E0%A6%86%E0%A6%B0%E0%A7%8D%E0%A6%AE%E0%A7%87%E0%A6%A8%E0%A6%BF%E0%A6%AF%E0%A6%BC%E0%A6%BE%E0%A6%A8_%E0%A6%97%E0%A6%BF%E0%A6%B0%E0%A7%8D%E0%A6%9C%E0%A6%BE%E0%A6%B0_%E0%A6%AA%E0%A6%BE%E0%A6%B0%E0%A7%8D%E0%A6%B6%E0%A7%8D%E0%A6%AC%E0%A6%A6%E0%A7%83%E0%A6%B6%E0%A7%8D%E0%A6%AF.jpg/1280px-%E0%A6%86%E0%A6%B0%E0%A7%8D%E0%A6%AE%E0%A7%87%E0%A6%A8%E0%A6%BF%E0%A6%AF%E0%A6%BC%E0%A6%BE%E0%A6%A8_%E0%A6%97%E0%A6%BF%E0%A6%B0%E0%A7%8D%E0%A6%9C%E0%A6%BE%E0%A6%B0_%E0%A6%AA%E0%A6%BE%E0%A6%B0%E0%A7%8D%E0%A6%B6%E0%A7%8D%E0%A6%AC%E0%A6%A6%E0%A7%83%E0%A6%B6%E0%A7%8D%E0%A6%AF.jpg?utm_source=en.wikipedia.org&utm_campaign=parser&utm_content=thumbnail"", ""https://thumb.wikimedia.org/wikipedia/commons/thumb/0/0c/Armenian_Church_%282250400093%29.jpg/500px-Armenian_Church_%282250400093%29.jpg?utm_source=en.wikipedia.org&utm_campaign=parser&utm_content=thumbnail"", ""https://thumb.wikimedia.org/wikipedia/commons/thumb/b/b3/Entrance_of_Armenian_Church_in_Old_Dhaka.JPG/250px-Entrance_of_Armenian_Church_in_Old_Dhaka.JPG?utm_source=en.wikipedia.org&utm_campaign=parser&utm_content=thumbnail"", ""https://thumb.wikimedia.org/wikipedia/commons/thumb/5/5c/Armenian_Church_in_Old_Dhaka.JPG/250px-Armenian_Church_in_Old_Dhaka.JPG?utm_source=en.wikipedia.org&utm_campaign=parser&utm_content=thumbnail"", ""https://thumb.wikimedia.org/wikipedia/commons/thumb/f/fe/Armenian_Church_%282368437414%29.jpg/250px-Armenian_Church_%282368437414%29.jpg?utm_source=en.wikipedia.org&utm_campaign=parser&utm_content=thumbnail""]",আর্মেনীয় গির্জা বাংলাদেশের একটি ঐতিহাসিক জাতীয় ঐতিহ্যবাহী স্থান।
heri_3,ষাট গম্বুজ মসজিদ,Sixty Dome Mosque,Heritage Sites,Islam,22.6611,89.8697,https://en.wikipedia.org/wiki/Sixty_Dome_Mosque,https://thumb.wikimedia.org/wikipedia/commons/thumb/4/4f/Sixty_Dome_Mosque%2CBagerhat.jpg/1280px-Sixty_Dome_Mosque%2CBagerhat.jpg?utm_source=en.wikipedia.org&utm_campaign=parser&utm_content=thumbnail,https://thumb.wikimedia.org/wikipedia/commons/thumb/9/96/%E0%A6%B7%E0%A6%BE%E0%A6%9F_%E0%A6%97%E0%A6%AE%E0%A7%8D%E0%A6%AC%E0%A7%81%E0%A6%9C_%E0%A6%AE%E0%A6%B8%E0%A6%9C%E0%A6%BF%E0%A6%A6_06.jpg/500px-%E0%A6%B7%E0%A6%BE%E0%A6%9F_%E0%A6%97%E0%A6%AE%E0%A7%8D%E0%A6%AC%E0%A7%81%E0%A6%9C_%E0%A6%AE%E0%A6%B8%E0%A6%9C%E0%A6%BF%E0%A6%A6_06.jpg?utm_source=en.wikipedia.org&utm_campaign=parser&utm_content=thumbnail,https://thumb.wikimedia.org/wikipedia/commons/thumb/2/29/60_Dome_Mosque%2C_Bagerhat.jpg/500px-60_Dome_Mosque%2C_Bagerhat.jpg?utm_source=en.wikipedia.org&utm_campaign=parser&utm_content=thumbnail,https://thumb.wikimedia.org/wikipedia/commons/thumb/9/9b/Side_view_of_Shat_Gombuj_Masjid.jpg/500px-Side_view_of_Shat_Gombuj_Masjid.jpg?utm_source=en.wikipedia.org&utm_campaign=parser&utm_content=thumbnail,https://thumb.wikimedia.org/wikipedia/commons/thumb/5/5a/Sixty_Dome_Mosque_0006.jpg/500px-Sixty_Dome_Mosque_0006.jpg?utm_source=en.wikipedia.org&utm_campaign=parser&utm_content=thumbnail,"[""https://thumb.wikimedia.org/wikipedia/commons/thumb/4/4f/Sixty_Dome_Mosque%2CBagerhat.jpg/1280px-Sixty_Dome_Mosque%2CBagerhat.jpg?utm_source=en.wikipedia.org&utm_campaign=parser&utm_content=thumbnail"", ""https://thumb.wikimedia.org/wikipedia/commons/thumb/9/96/%E0%A6%B7%E0%A6%BE%E0%A6%9F_%E0%A6%97%E0%A6%AE%E0%A7%8D%E0%A6%AC%E0%A7%81%E0%A6%9C_%E0%A6%AE%E0%A6%B8%E0%A6%9C%E0%A6%BF%E0%A6%A6_06.jpg/500px-%E0%A6%B7%E0%A6%BE%E0%A6%9F_%E0%A6%97%E0%A6%AE%E0%A7%8D%E0%A6%AC%E0%A7%81%E0%A6%9C_%E0%A6%AE%E0%A6%B8%E0%A6%9C%E0%A6%BF%E0%A6%A6_06.jpg?utm_source=en.wikipedia.org&utm_campaign=parser&utm_content=thumbnail"", ""https://thumb.wikimedia.org/wikipedia/commons/thumb/2/29/60_Dome_Mosque%2C_Bagerhat.jpg/500px-60_Dome_Mosque%2C_Bagerhat.jpg?utm_source=en.wikipedia.org&utm_campaign=parser&utm_content=thumbnail"", ""https://thumb.wikimedia.org/wikipedia/commons/thumb/9/9b/Side_view_of_Shat_Gombuj_Masjid.jpg/500px-Side_view_of_Shat_Gombuj_Masjid.jpg?utm_source=en.wikipedia.org&utm_campaign=parser&utm_content=thumbnail"", ""https://thumb.wikimedia.org/wikipedia/commons/thumb/5/5a/Sixty_Dome_Mosque_0006.jpg/500px-Sixty_Dome_Mosque_0006.jpg?utm_source=en.wikipedia.org&utm_campaign=parser&utm_content=thumbnail""]",ষাট গম্বুজ মসজিদ বাংলাদেশের একটি ঐতিহাসিক জাতীয় ঐতিহ্যবাহী স্থান।
heri_4,কান্তজীর মন্দির,Kantajew Temple,Heritage Sites,Hinduism,25.6403,88.703,https://en.wikipedia.org/wiki/Kantajew_Temple,https://thumb.wikimedia.org/wikipedia/commons/thumb/0/06/Kantaji_Temple_Dinajpur_Bangladesh_%2812%29.JPG/1280px-Kantaji_Temple_Dinajpur_Bangladesh_%2812%29.JPG?utm_source=en.wikipedia.org&utm_campaign=parser&utm_content=thumbnail,https://thumb.wikimedia.org/wikipedia/commons/thumb/9/98/Kantaji_Temple_1870%27s.jpg/1280px-Kantaji_Temple_1870%27s.jpg?utm_source=en.wikipedia.org&utm_campaign=parser&utm_content=thumbnail,https://thumb.wikimedia.org/wikipedia/commons/thumb/e/ec/Kantajew_Temple_by_Ahammed_Saad_%285%29.jpg/500px-Kantajew_Temple_by_Ahammed_Saad_%285%29.jpg?utm_source=en.wikipedia.org&utm_campaign=parser&utm_content=thumbnail,https://thumb.wikimedia.org/wikipedia/commons/thumb/c/c6/Kantajew_Temple_Comparison.JPG/250px-Kantajew_Temple_Comparison.JPG?utm_source=en.wikipedia.org&utm_campaign=parser&utm_content=thumbnail,https://thumb.wikimedia.org/wikipedia/commons/thumb/a/aa/2.%E0%A6%95%E0%A6%BE%E0%A6%A8%E0%A7%8D%E0%A6%A4%E0%A6%A8%E0%A6%97%E0%A6%B0_%E0%A6%AE%E0%A6%A8%E0%A7%8D%E0%A6%A6%E0%A6%BF%E0%A6%B0.jpg/250px-2.%E0%A6%95%E0%A6%BE%E0%A6%A8%E0%A7%8D%E0%A6%A4%E0%A6%A8%E0%A6%97%E0%A6%B0_%E0%A6%AE%E0%A6%A8%E0%A7%8D%E0%A6%A6%E0%A6%BF%E0%A6%B0.jpg?utm_source=en.wikipedia.org&utm_campaign=parser&utm_content=thumbnail,"[""https://thumb.wikimedia.org/wikipedia/commons/thumb/0/06/Kantaji_Temple_Dinajpur_Bangladesh_%2812%29.JPG/1280px-Kantaji_Temple_Dinajpur_Bangladesh_%2812%29.JPG?utm_source=en.wikipedia.org&utm_campaign=parser&utm_content=thumbnail"", ""https://thumb.wikimedia.org/wikipedia/commons/thumb/9/98/Kantaji_Temple_1870%27s.jpg/1280px-Kantaji_Temple_1870%27s.jpg?utm_source=en.wikipedia.org&utm_campaign=parser&utm_content=thumbnail"", ""https://thumb.wikimedia.org/wikipedia/commons/thumb/e/ec/Kantajew_Temple_by_Ahammed_Saad_%285%29.jpg/500px-Kantajew_Temple_by_Ahammed_Saad_%285%29.jpg?utm_source=en.wikipedia.org&utm_campaign=parser&utm_content=thumbnail"", ""https://thumb.wikimedia.org/wikipedia/commons/thumb/c/c6/Kantajew_Temple_Comparison.JPG/250px-Kantajew_Temple_Comparison.JPG?utm_source=en.wikipedia.org&utm_campaign=parser&utm_content=thumbnail"", ""https://thumb.wikimedia.org/wikipedia/commons/thumb/a/aa/2.%E0%A6%95%E0%A6%BE%E0%A6%A8%E0%A7%8D%E0%A6%A4%E0%A6%A8%E0%A6%97%E0%A6%B0_%E0%A6%AE%E0%A6%A8%E0%A7%8D%E0%A6%A6%E0%A6%BF%E0%A6%B0.jpg/250px-2.%E0%A6%95%E0%A6%BE%E0%A6%A8%E0%A7%8D%E0%A6%A4%E0%A6%A8%E0%A6%97%E0%A6%B0_%E0%A6%AE%E0%A6%A8%E0%A7%8D%E0%A6%A6%E0%A6%BF%E0%A6%B0.jpg?utm_source=en.wikipedia.org&utm_campaign=parser&utm_content=thumbnail""]",কান্তজীর মন্দির বাংলাদেশের একটি ঐতিহাসিক জাতীয় ঐতিহ্যবাহী স্থান।
heri_5,সোমপুর মহাবিহার,Somapura Mahavihara,Heritage Sites,Buddhism,24.966,88.8881,https://en.wikipedia.org/wiki/Somapura_Mahavihara,https://thumb.wikimedia.org/wikipedia/commons/thumb/4/42/Paharpur_Buddhist_Bihar.jpg/1280px-Paharpur_Buddhist_Bihar.jpg?utm_source=en.wikipedia.org&utm_campaign=parser&utm_content=thumbnail,https://thumb.wikimedia.org/wikipedia/commons/thumb/a/a3/%E0%A6%AA%E0%A6%BE%E0%A6%B9%E0%A6%BE%E0%A6%A1%E0%A6%BC%E0%A6%AA%E0%A7%81%E0%A6%B0_%E0%A6%AC%E0%A7%8C%E0%A6%A6%E0%A7%8D%E0%A6%A7_%E0%A6%AC%E0%A6%BF%E0%A6%B9%E0%A6%BE%E0%A6%B0_22.jpg/1280px-%E0%A6%AA%E0%A6%BE%E0%A6%B9%E0%A6%BE%E0%A6%A1%E0%A6%BC%E0%A6%AA%E0%A7%81%E0%A6%B0_%E0%A6%AC%E0%A7%8C%E0%A6%A6%E0%A7%8D%E0%A6%A7_%E0%A6%AC%E0%A6%BF%E0%A6%B9%E0%A6%BE%E0%A6%B0_22.jpg?utm_source=en.wikipedia.org&utm_campaign=parser&utm_content=thumbnail,https://thumb.wikimedia.org/wikipedia/commons/thumb/c/c4/Somapura.JPG/330px-Somapura.JPG?utm_source=en.wikipedia.org&utm_campaign=parser&utm_content=thumbnail,https://thumb.wikimedia.org/wikipedia/commons/thumb/8/84/Aerial_view_of_Somapura_Mahavihara.jpg/1280px-Aerial_view_of_Somapura_Mahavihara.jpg?utm_source=en.wikipedia.org&utm_campaign=parser&utm_content=thumbnail,https://thumb.wikimedia.org/wikipedia/commons/thumb/4/48/Somapura_Mahavihara_2024_33.jpg/1280px-Somapura_Mahavihara_2024_33.jpg?utm_source=en.wikipedia.org&utm_campaign=parser&utm_content=thumbnail,"[""https://thumb.wikimedia.org/wikipedia/commons/thumb/4/42/Paharpur_Buddhist_Bihar.jpg/1280px-Paharpur_Buddhist_Bihar.jpg?utm_source=en.wikipedia.org&utm_campaign=parser&utm_content=thumbnail"", ""https://thumb.wikimedia.org/wikipedia/commons/thumb/a/a3/%E0%A6%AA%E0%A6%BE%E0%A6%B9%E0%A6%BE%E0%A6%A1%E0%A6%BC%E0%A6%AA%E0%A7%81%E0%A6%B0_%E0%A6%AC%E0%A7%8C%E0%A6%A6%E0%A7%8D%E0%A6%A7_%E0%A6%AC%E0%A6%BF%E0%A6%B9%E0%A6%BE%E0%A6%B0_22.jpg/1280px-%E0%A6%AA%E0%A6%BE%E0%A6%B9%E0%A6%BE%E0%A6%A1%E0%A6%BC%E0%A6%AA%E0%A7%81%E0%A6%B0_%E0%A6%AC%E0%A7%8C%E0%A6%A6%E0%A7%8D%E0%A6%A7_%E0%A6%AC%E0%A6%BF%E0%A6%B9%E0%A6%BE%E0%A6%B0_22.jpg?utm_source=en.wikipedia.org&utm_campaign=parser&utm_content=thumbnail"", ""https://thumb.wikimedia.org/wikipedia/commons/thumb/c/c4/Somapura.JPG/330px-Somapura.JPG?utm_source=en.wikipedia.org&utm_campaign=parser&utm_content=thumbnail"", ""https://thumb.wikimedia.org/wikipedia/commons/thumb/8/84/Aerial_view_of_Somapura_Mahavihara.jpg/1280px-Aerial_view_of_Somapura_Mahavihara.jpg?utm_source=en.wikipedia.org&utm_campaign=parser&utm_content=thumbnail"", ""https://thumb.wikimedia.org/wikipedia/commons/thumb/4/48/Somapura_Mahavihara_2024_33.jpg/1280px-Somapura_Mahavihara_2024_33.jpg?utm_source=en.wikipedia.org&utm_campaign=parser&utm_content=thumbnail""]",সোমপুর মহাবিহার বাংলাদেশের একটি ঐতিহাসিক জাতীয় ঐতিহ্যবাহী স্থান।
heri_6,তারা মসজিদ,Star Mosque,Heritage Sites,Islam,23.7108,90.4038,https://en.wikipedia.org/wiki/Star_Mosque,https://thumb.wikimedia.org/wikipedia/commons/thumb/f/f7/Star_Mosque_2023.jpg/1280px-Star_Mosque_2023.jpg?utm_source=en.wikipedia.org&utm_campaign=parser&utm_content=thumbnail,https://thumb.wikimedia.org/wikipedia/commons/thumb/7/7d/Star_mosque.jpg/500px-Star_mosque.jpg?utm_source=en.wikipedia.org&utm_campaign=parser&utm_content=thumbnail,https://thumb.wikimedia.org/wikipedia/commons/thumb/f/f4/Star_Mosque.jpg/250px-Star_Mosque.jpg?utm_source=en.wikipedia.org&utm_campaign=parser&utm_content=thumbnail,https://thumb.wikimedia.org/wikipedia/commons/thumb/7/7d/Veranda_of_Star_Mosque.jpg/250px-Veranda_of_Star_Mosque.jpg?utm_source=en.wikipedia.org&utm_campaign=parser&utm_content=thumbnail,,"[""https://thumb.wikimedia.org/wikipedia/commons/thumb/f/f7/Star_Mosque_2023.jpg/1280px-Star_Mosque_2023.jpg?utm_source=en.wikipedia.org&utm_campaign=parser&utm_content=thumbnail"", ""https://thumb.wikimedia.org/wikipedia/commons/thumb/7/7d/Star_mosque.jpg/500px-Star_mosque.jpg?utm_source=en.wikipedia.org&utm_campaign=parser&utm_content=thumbnail"", ""https://thumb.wikimedia.org/wikipedia/commons/thumb/f/f4/Star_Mosque.jpg/250px-Star_Mosque.jpg?utm_source=en.wikipedia.org&utm_campaign=parser&utm_content=thumbnail"", ""https://thumb.wikimedia.org/wikipedia/commons/thumb/7/7d/Veranda_of_Star_Mosque.jpg/250px-Veranda_of_Star_Mosque.jpg?utm_source=en.wikipedia.org&utm_campaign=parser&utm_content=thumbnail""]",তারা মসজিদ বাংলাদেশের একটি ঐতিহাসিক জাতীয় ঐতিহ্যবাহী স্থান।
heri_7,লালবাগ কেল্লা,Lalbagh Fort,Heritage Sites,Historical,23.7194,90.3862,https://en.wikipedia.org/wiki/Lalbagh_Fort,https://thumb.wikimedia.org/wikipedia/commons/thumb/4/43/%E0%A6%B2%E0%A6%BE%E0%A6%B2_%E0%A6%95%E0%A7%87%E0%A6%B2%E0%A7%8D%E0%A6%B2%E0%A6%BE%E0%A6%B0_%E0%A6%AE%E0%A6%BE%E0%A6%AF%E0%A6%BC%E0%A6%BE.jpg/1280px-%E0%A6%B2%E0%A6%BE%E0%A6%B2_%E0%A6%95%E0%A7%87%E0%A6%B2%E0%A7%8D%E0%A6%B2%E0%A6%BE%E0%A6%B0_%E0%A6%AE%E0%A6%BE%E0%A6%AF%E0%A6%BC%E0%A6%BE.jpg?utm_source=en.wikipedia.org&utm_campaign=parser&utm_content=thumbnail,https://thumb.wikimedia.org/wikipedia/commons/thumb/8/87/1._%E0%A6%B2%E0%A6%BE%E0%A6%B2%E0%A6%AC%E0%A6%BE%E0%A6%97%E0%A7%87%E0%A6%B0_%E0%A6%95%E0%A7%87%E0%A6%B2%E0%A7%8D%E0%A6%B2%E0%A6%BE.jpg/1280px-1._%E0%A6%B2%E0%A6%BE%E0%A6%B2%E0%A6%AC%E0%A6%BE%E0%A6%97%E0%A7%87%E0%A6%B0_%E0%A6%95%E0%A7%87%E0%A6%B2%E0%A7%8D%E0%A6%B2%E0%A6%BE.jpg?utm_source=en.wikipedia.org&utm_campaign=parser&utm_content=thumbnail,https://thumb.wikimedia.org/wikipedia/commons/thumb/6/6e/Zoffany-Lalbagh_Fort.jpg/500px-Zoffany-Lalbagh_Fort.jpg?utm_source=en.wikipedia.org&utm_campaign=parser&utm_content=thumbnail,https://thumb.wikimedia.org/wikipedia/commons/thumb/0/00/Lalbagh_Fort_from_an_adjacent_hill.jpg/1280px-Lalbagh_Fort_from_an_adjacent_hill.jpg?utm_source=en.wikipedia.org&utm_campaign=parser&utm_content=thumbnail,https://thumb.wikimedia.org/wikipedia/commons/thumb/e/eb/Hammamkhana_of_Lalbagh_Fort%2C_Bangladesh.jpg/1280px-Hammamkhana_of_Lalbagh_Fort%2C_Bangladesh.jpg?utm_source=en.wikipedia.org&utm_campaign=parser&utm_content=thumbnail,"[""https://thumb.wikimedia.org/wikipedia/commons/thumb/4/43/%E0%A6%B2%E0%A6%BE%E0%A6%B2_%E0%A6%95%E0%A7%87%E0%A6%B2%E0%A7%8D%E0%A6%B2%E0%A6%BE%E0%A6%B0_%E0%A6%AE%E0%A6%BE%E0%A6%AF%E0%A6%BC%E0%A6%BE.jpg/1280px-%E0%A6%B2%E0%A6%BE%E0%A6%B2_%E0%A6%95%E0%A7%87%E0%A6%B2%E0%A7%8D%E0%A6%B2%E0%A6%BE%E0%A6%B0_%E0%A6%AE%E0%A6%BE%E0%A6%AF%E0%A6%BC%E0%A6%BE.jpg?utm_source=en.wikipedia.org&utm_campaign=parser&utm_content=thumbnail"", ""https://thumb.wikimedia.org/wikipedia/commons/thumb/8/87/1._%E0%A6%B2%E0%A6%BE%E0%A6%B2%E0%A6%AC%E0%A6%BE%E0%A6%97%E0%A7%87%E0%A6%B0_%E0%A6%95%E0%A7%87%E0%A6%B2%E0%A7%8D%E0%A6%B2%E0%A6%BE.jpg/1280px-1._%E0%A6%B2%E0%A6%BE%E0%A6%B2%E0%A6%AC%E0%A6%BE%E0%A6%97%E0%A7%87%E0%A6%B0_%E0%A6%95%E0%A7%87%E0%A6%B2%E0%A7%8D%E0%A6%B2%E0%A6%BE.jpg?utm_source=en.wikipedia.org&utm_campaign=parser&utm_content=thumbnail"", ""https://thumb.wikimedia.org/wikipedia/commons/thumb/6/6e/Zoffany-Lalbagh_Fort.jpg/500px-Zoffany-Lalbagh_Fort.jpg?utm_source=en.wikipedia.org&utm_campaign=parser&utm_content=thumbnail"", ""https://thumb.wikimedia.org/wikipedia/commons/thumb/0/00/Lalbagh_Fort_from_an_adjacent_hill.jpg/1280px-Lalbagh_Fort_from_an_adjacent_hill.jpg?utm_source=en.wikipedia.org&utm_campaign=parser&utm_content=thumbnail"", ""https://thumb.wikimedia.org/wikipedia/commons/thumb/e/eb/Hammamkhana_of_Lalbagh_Fort%2C_Bangladesh.jpg/1280px-Hammamkhana_of_Lalbagh_Fort%2C_Bangladesh.jpg?utm_source=en.wikipedia.org&utm_campaign=parser&utm_content=thumbnail""]",লালবাগ কেল্লা বাংলাদেশের একটি ঐতিহাসিক জাতীয় ঐতিহ্যবাহী স্থান।
heri_8,আহসান মঞ্জিল,Ahsan Manzil,Heritage Sites,Historical,23.7097,90.4053,https://en.wikipedia.org/wiki/Ahsan_Manzil,https://thumb.wikimedia.org/wikipedia/commons/thumb/1/16/Ahsan_Manzil-Front_View.jpg/1280px-Ahsan_Manzil-Front_View.jpg?utm_source=en.wikipedia.org&utm_campaign=parser&utm_content=thumbnail,https://thumb.wikimedia.org/wikipedia/commons/thumb/6/6a/With_his_family_the_beared_Nabab_on_Eid_day..jpg/500px-With_his_family_the_beared_Nabab_on_Eid_day..jpg?utm_source=en.wikipedia.org&utm_campaign=parser&utm_content=thumbnail,https://thumb.wikimedia.org/wikipedia/commons/thumb/e/e1/Dance_party_at_Ahsan_Manzil.jpg/1280px-Dance_party_at_Ahsan_Manzil.jpg?utm_source=en.wikipedia.org&utm_campaign=parser&utm_content=thumbnail,https://thumb.wikimedia.org/wikipedia/commons/thumb/1/17/All_India_Muslim_League_Founders.jpg/1280px-All_India_Muslim_League_Founders.jpg?utm_source=en.wikipedia.org&utm_campaign=parser&utm_content=thumbnail,https://thumb.wikimedia.org/wikipedia/commons/thumb/3/35/Ahsan_Manzil_1965.jpg/1280px-Ahsan_Manzil_1965.jpg?utm_source=en.wikipedia.org&utm_campaign=parser&utm_content=thumbnail,"[""https://thumb.wikimedia.org/wikipedia/commons/thumb/1/16/Ahsan_Manzil-Front_View.jpg/1280px-Ahsan_Manzil-Front_View.jpg?utm_source=en.wikipedia.org&utm_campaign=parser&utm_content=thumbnail"", ""https://thumb.wikimedia.org/wikipedia/commons/thumb/6/6a/With_his_family_the_beared_Nabab_on_Eid_day..jpg/500px-With_his_family_the_beared_Nabab_on_Eid_day..jpg?utm_source=en.wikipedia.org&utm_campaign=parser&utm_content=thumbnail"", ""https://thumb.wikimedia.org/wikipedia/commons/thumb/e/e1/Dance_party_at_Ahsan_Manzil.jpg/1280px-Dance_party_at_Ahsan_Manzil.jpg?utm_source=en.wikipedia.org&utm_campaign=parser&utm_content=thumbnail"", ""https://thumb.wikimedia.org/wikipedia/commons/thumb/1/17/All_India_Muslim_League_Founders.jpg/1280px-All_India_Muslim_League_Founders.jpg?utm_source=en.wikipedia.org&utm_campaign=parser&utm_content=thumbnail"", ""https://thumb.wikimedia.org/wikipedia/commons/thumb/3/35/Ahsan_Manzil_1965.jpg/1280px-Ahsan_Manzil_1965.jpg?utm_source=en.wikipedia.org&utm_campaign=parser&utm_content=thumbnail""]",আহসান মঞ্জিল বাংলাদেশের একটি ঐতিহাসিক জাতীয় ঐতিহ্যবাহী স্থান।
heri_9,ময়নামতি,Mainamati,Heritage Sites,Buddhism,23.4574,91.1687,https://en.wikipedia.org/wiki/Mainamati,https://thumb.wikimedia.org/wikipedia/commons/thumb/2/2f/%E0%A6%AE%E0%A6%AF%E0%A6%BC%E0%A6%A8%E0%A6%BE%E0%A6%AE%E0%A6%A4%E0%A6%BF_%E0%A6%B0%E0%A6%BE%E0%A6%A3%E0%A7%80%E0%A6%B0_%E0%A6%95%E0%A7%81%E0%A6%A0%E0%A6%BF%E0%A6%B0_%28Maynamati_Ranir_Kuthir%29.jpg/1280px-%E0%A6%AE%E0%A6%AF%E0%A6%BC%E0%A6%A8%E0%A6%BE%E0%A6%AE%E0%A6%A4%E0%A6%BF_%E0%A6%B0%E0%A6%BE%E0%A6%A3%E0%A7%80%E0%A6%B0_%E0%A6%95%E0%A7%81%E0%A6%A0%E0%A6%BF%E0%A6%B0_%28Maynamati_Ranir_Kuthir%29.jpg?utm_source=en.wikipedia.org&utm_campaign=parser&utm_content=thumbnail,https://thumb.wikimedia.org/wikipedia/commons/thumb/9/92/Shalbon_budha_bihar2.jpg/1280px-Shalbon_budha_bihar2.jpg?utm_source=en.wikipedia.org&utm_campaign=parser&utm_content=thumbnail,https://thumb.wikimedia.org/wikipedia/commons/thumb/d/d0/War_Cemetery_comilla_bangladesh.jpg/1280px-War_Cemetery_comilla_bangladesh.jpg?utm_source=en.wikipedia.org&utm_campaign=parser&utm_content=thumbnail,,,"[""https://thumb.wikimedia.org/wikipedia/commons/thumb/2/2f/%E0%A6%AE%E0%A6%AF%E0%A6%BC%E0%A6%A8%E0%A6%BE%E0%A6%AE%E0%A6%A4%E0%A6%BF_%E0%A6%B0%E0%A6%BE%E0%A6%A3%E0%A7%80%E0%A6%B0_%E0%A6%95%E0%A7%81%E0%A6%A0%E0%A6%BF%E0%A6%B0_%28Maynamati_Ranir_Kuthir%29.jpg/1280px-%E0%A6%AE%E0%A6%AF%E0%A6%BC%E0%A6%A8%E0%A6%BE%E0%A6%AE%E0%A6%A4%E0%A6%BF_%E0%A6%B0%E0%A6%BE%E0%A6%A3%E0%A7%80%E0%A6%B0_%E0%A6%95%E0%A7%81%E0%A6%A0%E0%A6%BF%E0%A6%B0_%28Maynamati_Ranir_Kuthir%29.jpg?utm_source=en.wikipedia.org&utm_campaign=parser&utm_content=thumbnail"", ""https://thumb.wikimedia.org/wikipedia/commons/thumb/9/92/Shalbon_budha_bihar2.jpg/1280px-Shalbon_budha_bihar2.jpg?utm_source=en.wikipedia.org&utm_campaign=parser&utm_content=thumbnail"", ""https://thumb.wikimedia.org/wikipedia/commons/thumb/d/d0/War_Cemetery_comilla_bangladesh.jpg/1280px-War_Cemetery_comilla_bangladesh.jpg?utm_source=en.wikipedia.org&utm_campaign=parser&utm_content=thumbnail""]",ময়নামতি বাংলাদেশের একটি ঐতিহাসিক জাতীয় ঐতিহ্যবাহী স্থান।
heri_10,মহাস্থানগড়,Mahasthangarh,Heritage Sites,Historical,24.976,89.36,https://en.wikipedia.org/wiki/Mahasthangarh,https://thumb.wikimedia.org/wikipedia/commons/thumb/0/06/BD_Mahasthangarh1_without_people.jpg/1280px-BD_Mahasthangarh1_without_people.jpg?utm_source=en.wikipedia.org&utm_campaign=parser&utm_content=thumbnail,https://thumb.wikimedia.org/wikipedia/en/thumb/f/fc/Pope1880BengalPres2.jpg/500px-Pope1880BengalPres2.jpg?utm_source=en.wikipedia.org&utm_campaign=parser&utm_content=thumbnail,https://thumb.wikimedia.org/wikipedia/commons/thumb/8/84/Government_Seal_of_Bangladesh.svg/330px-Government_Seal_of_Bangladesh.svg.png?utm_source=en.wikipedia.org&utm_campaign=parser&utm_content=thumbnail,https://thumb.wikimedia.org/wikipedia/commons/thumb/2/2e/BD_Mahasthangarh3.JPG/1280px-BD_Mahasthangarh3.JPG?utm_source=en.wikipedia.org&utm_campaign=parser&utm_content=thumbnail,https://thumb.wikimedia.org/wikipedia/commons/thumb/2/24/BD_Map_Mahasthangarh_Citadel.jpg/500px-BD_Map_Mahasthangarh_Citadel.jpg?utm_source=en.wikipedia.org&utm_campaign=parser&utm_content=thumbnail,"[""https://thumb.wikimedia.org/wikipedia/commons/thumb/0/06/BD_Mahasthangarh1_without_people.jpg/1280px-BD_Mahasthangarh1_without_people.jpg?utm_source=en.wikipedia.org&utm_campaign=parser&utm_content=thumbnail"", ""https://thumb.wikimedia.org/wikipedia/en/thumb/f/fc/Pope1880BengalPres2.jpg/500px-Pope1880BengalPres2.jpg?utm_source=en.wikipedia.org&utm_campaign=parser&utm_content=thumbnail"", ""https://thumb.wikimedia.org/wikipedia/commons/thumb/8/84/Government_Seal_of_Bangladesh.svg/330px-Government_Seal_of_Bangladesh.svg.png?utm_source=en.wikipedia.org&utm_campaign=parser&utm_content=thumbnail"", ""https://thumb.wikimedia.org/wikipedia/commons/thumb/2/2e/BD_Mahasthangarh3.JPG/1280px-BD_Mahasthangarh3.JPG?utm_source=en.wikipedia.org&utm_campaign=parser&utm_content=thumbnail"", ""https://thumb.wikimedia.org/wikipedia/commons/thumb/2/24/BD_Map_Mahasthangarh_Citadel.jpg/500px-BD_Map_Mahasthangarh_Citadel.jpg?utm_source=en.wikipedia.org&utm_campaign=parser&utm_content=thumbnail""]",মহাস্থানগড় বাংলাদেশের একটি ঐতিহাসিক জাতীয় ঐতিহ্যবাহী স্থান।
heri_11,ছোট সোনা মসজিদ,Chhota Sona Mosque,Heritage Sites,Islam,24.8023,88.2842,https://en.wikipedia.org/wiki/Chhota_Sona_Mosque,,,,,,[],ছোট সোনা মসজিদ বাংলাদেশের একটি ঐতিহাসিক জাতীয় ঐতিহ্যবাহী স্থান।
heri_12,পানাম নগর,Panam Nagar,Heritage Sites,Historical,23.6508,90.5655,https://en.wikipedia.org/wiki/Panam_City,https://thumb.wikimedia.org/wikipedia/commons/thumb/9/96/%E0%A6%B8%E0%A7%8B%E0%A6%A8%E0%A6%BE%E0%A6%B0%E0%A6%97%E0%A6%BE%E0%A6%81%E0%A6%93_%E0%A6%AA%E0%A6%BE%E0%A6%A8%E0%A6%BE%E0%A6%AE_%E0%A6%A8%E0%A6%97%E0%A6%B0_%E0%A6%AA%E0%A7%81%E0%A6%B0%E0%A6%BE%E0%A6%A4%E0%A6%A8_%E0%A6%B8%E0%A7%8D%E0%A6%A5%E0%A6%BE%E0%A6%AA%E0%A6%A8%E0%A6%BE-2.jpg/1280px-%E0%A6%B8%E0%A7%8B%E0%A6%A8%E0%A6%BE%E0%A6%B0%E0%A6%97%E0%A6%BE%E0%A6%81%E0%A6%93_%E0%A6%AA%E0%A6%BE%E0%A6%A8%E0%A6%BE%E0%A6%AE_%E0%A6%A8%E0%A6%97%E0%A6%B0_%E0%A6%AA%E0%A7%81%E0%A6%B0%E0%A6%BE%E0%A6%A4%E0%A6%A8_%E0%A6%B8%E0%A7%8D%E0%A6%A5%E0%A6%BE%E0%A6%AA%E0%A6%A8%E0%A6%BE-2.jpg?utm_source=en.wikipedia.org&utm_campaign=parser&utm_content=thumbnail,https://thumb.wikimedia.org/wikipedia/commons/thumb/5/5c/A_dwelling_at_Panam_City.jpg/250px-A_dwelling_at_Panam_City.jpg?utm_source=en.wikipedia.org&utm_campaign=parser&utm_content=thumbnail,https://thumb.wikimedia.org/wikipedia/commons/thumb/f/f4/Sonargaon_%28154%29.JPG/250px-Sonargaon_%28154%29.JPG?utm_source=en.wikipedia.org&utm_campaign=parser&utm_content=thumbnail,https://thumb.wikimedia.org/wikipedia/commons/thumb/d/db/Panam03.jpg/250px-Panam03.jpg?utm_source=en.wikipedia.org&utm_campaign=parser&utm_content=thumbnail,https://thumb.wikimedia.org/wikipedia/commons/thumb/8/8b/Panam_City_9378.jpg/250px-Panam_City_9378.jpg?utm_source=en.wikipedia.org&utm_campaign=parser&utm_content=thumbnail,"[""https://thumb.wikimedia.org/wikipedia/commons/thumb/9/96/%E0%A6%B8%E0%A7%8B%E0%A6%A8%E0%A6%BE%E0%A6%B0%E0%A6%97%E0%A6%BE%E0%A6%81%E0%A6%93_%E0%A6%AA%E0%A6%BE%E0%A6%A8%E0%A6%BE%E0%A6%AE_%E0%A6%A8%E0%A6%97%E0%A6%B0_%E0%A6%AA%E0%A7%81%E0%A6%B0%E0%A6%BE%E0%A6%A4%E0%A6%A8_%E0%A6%B8%E0%A7%8D%E0%A6%A5%E0%A6%BE%E0%A6%AA%E0%A6%A8%E0%A6%BE-2.jpg/1280px-%E0%A6%B8%E0%A7%8B%E0%A6%A8%E0%A6%BE%E0%A6%B0%E0%A6%97%E0%A6%BE%E0%A6%81%E0%A6%93_%E0%A6%AA%E0%A6%BE%E0%A6%A8%E0%A6%BE%E0%A6%AE_%E0%A6%A8%E0%A6%97%E0%A6%B0_%E0%A6%AA%E0%A7%81%E0%A6%B0%E0%A6%BE%E0%A6%A4%E0%A6%A8_%E0%A6%B8%E0%A7%8D%E0%A6%A5%E0%A6%BE%E0%A6%AA%E0%A6%A8%E0%A6%BE-2.jpg?utm_source=en.wikipedia.org&utm_campaign=parser&utm_content=thumbnail"", ""https://thumb.wikimedia.org/wikipedia/commons/thumb/5/5c/A_dwelling_at_Panam_City.jpg/250px-A_dwelling_at_Panam_City.jpg?utm_source=en.wikipedia.org&utm_campaign=parser&utm_content=thumbnail"", ""https://thumb.wikimedia.org/wikipedia/commons/thumb/f/f4/Sonargaon_%28154%29.JPG/250px-Sonargaon_%28154%29.JPG?utm_source=en.wikipedia.org&utm_campaign=parser&utm_content=thumbnail"", ""https://thumb.wikimedia.org/wikipedia/commons/thumb/d/db/Panam03.jpg/250px-Panam03.jpg?utm_source=en.wikipedia.org&utm_campaign=parser&utm_content=thumbnail"", ""https://thumb.wikimedia.org/wikipedia/commons/thumb/8/8b/Panam_City_9378.jpg/250px-Panam_City_9378.jpg?utm_source=en.wikipedia.org&utm_campaign=parser&utm_content=thumbnail""]",পানাম নগর বাংলাদেশের একটি ঐতিহাসিক জাতীয় ঐতিহ্যবাহী স্থান।
heri_13,শহীদ মিনার,Shaheed Minar,Heritage Sites,Monument,23.7234,90.3944,"https://en.wikipedia.org/wiki/Shaheed_Minar,_Dhaka",https://thumb.wikimedia.org/wikipedia/commons/thumb/4/41/Shaheed_Minar%2C_Dhaka%2C_Bangladesh.jpg/1280px-Shaheed_Minar%2C_Dhaka%2C_Bangladesh.jpg?utm_source=en.wikipedia.org&utm_campaign=parser&utm_content=thumbnail,https://thumb.wikimedia.org/wikipedia/commons/thumb/5/55/DJI_0448-1.jpg/1280px-DJI_0448-1.jpg?utm_source=en.wikipedia.org&utm_campaign=parser&utm_content=thumbnail,https://upload.wikimedia.org/wikipedia/commons/7/70/First_Shaheed_Minar_1952.jpg?utm_source=en.wikipedia.org&utm_campaign=parser&utm_content=thumbnail_unscaled,https://thumb.wikimedia.org/wikipedia/commons/thumb/c/c5/Shaheed_Minar_at_Dhaka_Madical_College_21_Feb_1954.png/1280px-Shaheed_Minar_at_Dhaka_Madical_College_21_Feb_1954.png?utm_source=en.wikipedia.org&utm_campaign=parser&utm_content=thumbnail,https://upload.wikimedia.org/wikipedia/commons/a/a6/Rally_on_21Feb1954_Abdul_Hamid_and_Bangabandhu.jpg?utm_source=en.wikipedia.org&utm_campaign=parser&utm_content=thumbnail_unscaled,"[""https://thumb.wikimedia.org/wikipedia/commons/thumb/4/41/Shaheed_Minar%2C_Dhaka%2C_Bangladesh.jpg/1280px-Shaheed_Minar%2C_Dhaka%2C_Bangladesh.jpg?utm_source=en.wikipedia.org&utm_campaign=parser&utm_content=thumbnail"", ""https://thumb.wikimedia.org/wikipedia/commons/thumb/5/55/DJI_0448-1.jpg/1280px-DJI_0448-1.jpg?utm_source=en.wikipedia.org&utm_campaign=parser&utm_content=thumbnail"", ""https://upload.wikimedia.org/wikipedia/commons/7/70/First_Shaheed_Minar_1952.jpg?utm_source=en.wikipedia.org&utm_campaign=parser&utm_content=thumbnail_unscaled"", ""https://thumb.wikimedia.org/wikipedia/commons/thumb/c/c5/Shaheed_Minar_at_Dhaka_Madical_College_21_Feb_1954.png/1280px-Shaheed_Minar_at_Dhaka_Madical_College_21_Feb_1954.png?utm_source=en.wikipedia.org&utm_campaign=parser&utm_content=thumbnail"", ""https://upload.wikimedia.org/wikipedia/commons/a/a6/Rally_on_21Feb1954_Abdul_Hamid_and_Bangabandhu.jpg?utm_source=en.wikipedia.org&utm_campaign=parser&utm_content=thumbnail_unscaled""]",শহীদ মিনার বাংলাদেশের একটি ঐতিহাসিক জাতীয় ঐতিহ্যবাহী স্থান।
heri_14,জাতীয় স্মৃতিসৌধ,National Martyrs' Memorial,Heritage Sites,Monument,23.9788,90.2622,https://en.wikipedia.org/wiki/National_Martyrs'_Memorial,https://thumb.wikimedia.org/wikipedia/commons/thumb/7/7d/5.%E0%A6%9C%E0%A6%BE%E0%A6%A4%E0%A7%80%E0%A6%AF%E0%A6%BC_%E0%A6%B8%E0%A7%8D%E0%A6%AE%E0%A7%83%E0%A6%A4%E0%A6%BF%E0%A6%B8%E0%A7%8C%E0%A6%A7.jpg/1280px-5.%E0%A6%9C%E0%A6%BE%E0%A6%A4%E0%A7%80%E0%A6%AF%E0%A6%BC_%E0%A6%B8%E0%A7%8D%E0%A6%AE%E0%A7%83%E0%A6%A4%E0%A6%BF%E0%A6%B8%E0%A7%8C%E0%A6%A7.jpg?utm_source=en.wikipedia.org&utm_campaign=parser&utm_content=thumbnail,https://thumb.wikimedia.org/wikipedia/commons/thumb/d/d0/Mainul_Hossen_%281%29.JPG/500px-Mainul_Hossen_%281%29.JPG?utm_source=en.wikipedia.org&utm_campaign=parser&utm_content=thumbnail,https://thumb.wikimedia.org/wikipedia/commons/thumb/3/34/%E0%A6%9C%E0%A6%BE%E0%A6%A4%E0%A7%80%E0%A6%AF%E0%A6%BC_%E0%A6%B8%E0%A7%8D%E0%A6%AE%E0%A7%83%E0%A6%A4%E0%A6%BF%E0%A6%B8%E0%A7%8C%E0%A6%A7_%28%E0%A6%AA%E0%A6%BE%E0%A6%B6%E0%A6%A5%E0%A7%87%E0%A6%95%E0%A7%87%29.jpg/1280px-%E0%A6%9C%E0%A6%BE%E0%A6%A4%E0%A7%80%E0%A6%AF%E0%A6%BC_%E0%A6%B8%E0%A7%8D%E0%A6%AE%E0%A7%83%E0%A6%A4%E0%A6%BF%E0%A6%B8%E0%A7%8C%E0%A6%A7_%28%E0%A6%AA%E0%A6%BE%E0%A6%B6%E0%A6%A5%E0%A7%87%E0%A6%95%E0%A7%87%29.jpg?utm_source=en.wikipedia.org&utm_campaign=parser&utm_content=thumbnail,https://thumb.wikimedia.org/wikipedia/commons/thumb/9/90/1.%E0%A6%9C%E0%A6%BE%E0%A6%A4%E0%A7%80%E0%A6%AF%E0%A6%BC_%E0%A6%B8%E0%A7%8D%E0%A6%AE%E0%A7%83%E0%A6%A4%E0%A6%BF%E0%A6%B8%E0%A7%8C%E0%A6%A7.jpg/250px-1.%E0%A6%9C%E0%A6%BE%E0%A6%A4%E0%A7%80%E0%A6%AF%E0%A6%BC_%E0%A6%B8%E0%A7%8D%E0%A6%AE%E0%A7%83%E0%A6%A4%E0%A6%BF%E0%A6%B8%E0%A7%8C%E0%A6%A7.jpg?utm_source=en.wikipedia.org&utm_campaign=parser&utm_content=thumbnail,https://thumb.wikimedia.org/wikipedia/commons/thumb/a/a8/National_Martyrs%27_Memorial_3.jpg/250px-National_Martyrs%27_Memorial_3.jpg?utm_source=en.wikipedia.org&utm_campaign=parser&utm_content=thumbnail,"[""https://thumb.wikimedia.org/wikipedia/commons/thumb/7/7d/5.%E0%A6%9C%E0%A6%BE%E0%A6%A4%E0%A7%80%E0%A6%AF%E0%A6%BC_%E0%A6%B8%E0%A7%8D%E0%A6%AE%E0%A7%83%E0%A6%A4%E0%A6%BF%E0%A6%B8%E0%A7%8C%E0%A6%A7.jpg/1280px-5.%E0%A6%9C%E0%A6%BE%E0%A6%A4%E0%A7%80%E0%A6%AF%E0%A6%BC_%E0%A6%B8%E0%A7%8D%E0%A6%AE%E0%A7%83%E0%A6%A4%E0%A6%BF%E0%A6%B8%E0%A7%8C%E0%A6%A7.jpg?utm_source=en.wikipedia.org&utm_campaign=parser&utm_content=thumbnail"", ""https://thumb.wikimedia.org/wikipedia/commons/thumb/d/d0/Mainul_Hossen_%281%29.JPG/500px-Mainul_Hossen_%281%29.JPG?utm_source=en.wikipedia.org&utm_campaign=parser&utm_content=thumbnail"", ""https://thumb.wikimedia.org/wikipedia/commons/thumb/3/34/%E0%A6%9C%E0%A6%BE%E0%A6%A4%E0%A7%80%E0%A6%AF%E0%A6%BC_%E0%A6%B8%E0%A7%8D%E0%A6%AE%E0%A7%83%E0%A6%A4%E0%A6%BF%E0%A6%B8%E0%A7%8C%E0%A6%A7_%28%E0%A6%AA%E0%A6%BE%E0%A6%B6%E0%A6%A5%E0%A7%87%E0%A6%95%E0%A7%87%29.jpg/1280px-%E0%A6%9C%E0%A6%BE%E0%A6%A4%E0%A7%80%E0%A6%AF%E0%A6%BC_%E0%A6%B8%E0%A7%8D%E0%A6%AE%E0%A7%83%E0%A6%A4%E0%A6%BF%E0%A6%B8%E0%A7%8C%E0%A6%A7_%28%E0%A6%AA%E0%A6%BE%E0%A6%B6%E0%A6%A5%E0%A7%87%E0%A6%95%E0%A7%87%29.jpg?utm_source=en.wikipedia.org&utm_campaign=parser&utm_content=thumbnail"", ""https://thumb.wikimedia.org/wikipedia/commons/thumb/9/90/1.%E0%A6%9C%E0%A6%BE%E0%A6%A4%E0%A7%80%E0%A6%AF%E0%A6%BC_%E0%A6%B8%E0%A7%8D%E0%A6%AE%E0%A7%83%E0%A6%A4%E0%A6%BF%E0%A6%B8%E0%A7%8C%E0%A6%A7.jpg/250px-1.%E0%A6%9C%E0%A6%BE%E0%A6%A4%E0%A7%80%E0%A6%AF%E0%A6%BC_%E0%A6%B8%E0%A7%8D%E0%A6%AE%E0%A7%83%E0%A6%A4%E0%A6%BF%E0%A6%B8%E0%A7%8C%E0%A6%A7.jpg?utm_source=en.wikipedia.org&utm_campaign=parser&utm_content=thumbnail"", ""https://thumb.wikimedia.org/wikipedia/commons/thumb/a/a8/National_Martyrs%27_Memorial_3.jpg/250px-National_Martyrs%27_Memorial_3.jpg?utm_source=en.wikipedia.org&utm_campaign=parser&utm_content=thumbnail""]",জাতীয় স্মৃতিসৌধ বাংলাদেশের একটি ঐতিহাসিক জাতীয় ঐতিহ্যবাহী স্থান।
heri_15,মুজিবনগর স্মৃতিসৌধ,Mujibnagar Memorial,Heritage Sites,Monument,23.8048,88.9068,https://en.wikipedia.org/wiki/Mujibnagar_Memorial,https://thumb.wikimedia.org/wikipedia/commons/thumb/2/2f/Statue_representing_the_signing_of_the_Pakistani_Instrument_of_Surrender_at_the_Mujibnagar_Memorial_Monument_and_Complex.jpg/1280px-Statue_representing_the_signing_of_the_Pakistani_Instrument_of_Surrender_at_the_Mujibnagar_Memorial_Monument_and_Complex.jpg?utm_source=en.wikipedia.org&utm_campaign=parser&utm_content=thumbnail,https://thumb.wikimedia.org/wikipedia/commons/thumb/e/e0/Mujibnogor_smritisoudho_lal_monch.jpg/1280px-Mujibnogor_smritisoudho_lal_monch.jpg?utm_source=en.wikipedia.org&utm_campaign=parser&utm_content=thumbnail,https://thumb.wikimedia.org/wikipedia/commons/thumb/d/de/Provisional_Government_of_BD_%282%29.jpg/1280px-Provisional_Government_of_BD_%282%29.jpg?utm_source=en.wikipedia.org&utm_campaign=parser&utm_content=thumbnail,https://thumb.wikimedia.org/wikipedia/commons/thumb/0/01/3.%E0%A6%AE%E0%A7%81%E0%A6%9C%E0%A6%BF%E0%A6%AC%E0%A6%A8%E0%A6%97%E0%A6%B0_%E0%A6%B8%E0%A7%8D%E0%A6%AE%E0%A7%83%E0%A6%A4%E0%A6%BF%E0%A6%B8%E0%A7%8C%E0%A6%A7.jpg/1280px-3.%E0%A6%AE%E0%A7%81%E0%A6%9C%E0%A6%BF%E0%A6%AC%E0%A6%A8%E0%A6%97%E0%A6%B0_%E0%A6%B8%E0%A7%8D%E0%A6%AE%E0%A7%83%E0%A6%A4%E0%A6%BF%E0%A6%B8%E0%A7%8C%E0%A6%A7.jpg?utm_source=en.wikipedia.org&utm_campaign=parser&utm_content=thumbnail,,"[""https://thumb.wikimedia.org/wikipedia/commons/thumb/2/2f/Statue_representing_the_signing_of_the_Pakistani_Instrument_of_Surrender_at_the_Mujibnagar_Memorial_Monument_and_Complex.jpg/1280px-Statue_representing_the_signing_of_the_Pakistani_Instrument_of_Surrender_at_the_Mujibnagar_Memorial_Monument_and_Complex.jpg?utm_source=en.wikipedia.org&utm_campaign=parser&utm_content=thumbnail"", ""https://thumb.wikimedia.org/wikipedia/commons/thumb/e/e0/Mujibnogor_smritisoudho_lal_monch.jpg/1280px-Mujibnogor_smritisoudho_lal_monch.jpg?utm_source=en.wikipedia.org&utm_campaign=parser&utm_content=thumbnail"", ""https://thumb.wikimedia.org/wikipedia/commons/thumb/d/de/Provisional_Government_of_BD_%282%29.jpg/1280px-Provisional_Government_of_BD_%282%29.jpg?utm_source=en.wikipedia.org&utm_campaign=parser&utm_content=thumbnail"", ""https://thumb.wikimedia.org/wikipedia/commons/thumb/0/01/3.%E0%A6%AE%E0%A7%81%E0%A6%9C%E0%A6%BF%E0%A6%AC%E0%A6%A8%E0%A6%97%E0%A6%B0_%E0%A6%B8%E0%A7%8D%E0%A6%AE%E0%A7%83%E0%A6%A4%E0%A6%BF%E0%A6%B8%E0%A7%8C%E0%A6%A7.jpg/1280px-3.%E0%A6%AE%E0%A7%81%E0%A6%9C%E0%A6%BF%E0%A6%AC%E0%A6%A8%E0%A6%97%E0%A6%B0_%E0%A6%B8%E0%A7%8D%E0%A6%AE%E0%A7%83%E0%A6%A4%E0%A6%BF%E0%A6%B8%E0%A7%8C%E0%A6%A7.jpg?utm_source=en.wikipedia.org&utm_campaign=parser&utm_content=thumbnail""]",মুজিবনগর স্মৃতিসৌধ বাংলাদেশের একটি ঐতিহাসিক জাতীয় ঐতিহ্যবাহী স্থান।
heri_16,রামসাগর,Ramsagar,Heritage Sites,Historical,25.4497,88.7059,https://en.wikipedia.org/wiki/Ramsagar,https://thumb.wikimedia.org/wikipedia/commons/thumb/a/a9/Ramsagar_National_Park_Dinajpur_3656.jpg/1280px-Ramsagar_National_Park_Dinajpur_3656.jpg?utm_source=en.wikipedia.org&utm_campaign=parser&utm_content=thumbnail,https://thumb.wikimedia.org/wikipedia/commons/thumb/e/e8/Fishing_in_Ramsagor.jpg/1280px-Fishing_in_Ramsagor.jpg?utm_source=en.wikipedia.org&utm_campaign=parser&utm_content=thumbnail,https://thumb.wikimedia.org/wikipedia/commons/thumb/e/eb/Water-Lily-at-Ramsagar.jpg/1280px-Water-Lily-at-Ramsagar.jpg?utm_source=en.wikipedia.org&utm_campaign=parser&utm_content=thumbnail,https://thumb.wikimedia.org/wikipedia/commons/thumb/d/d8/Deerram.jpg/1280px-Deerram.jpg?utm_source=en.wikipedia.org&utm_campaign=parser&utm_content=thumbnail,https://thumb.wikimedia.org/wikipedia/commons/thumb/f/f9/Ramsagar_National_Park_by_Ahammed_Saad_%282%29.jpg/1280px-Ramsagar_National_Park_by_Ahammed_Saad_%282%29.jpg?utm_source=en.wikipedia.org&utm_campaign=parser&utm_content=thumbnail,"[""https://thumb.wikimedia.org/wikipedia/commons/thumb/a/a9/Ramsagar_National_Park_Dinajpur_3656.jpg/1280px-Ramsagar_National_Park_Dinajpur_3656.jpg?utm_source=en.wikipedia.org&utm_campaign=parser&utm_content=thumbnail"", ""https://thumb.wikimedia.org/wikipedia/commons/thumb/e/e8/Fishing_in_Ramsagor.jpg/1280px-Fishing_in_Ramsagor.jpg?utm_source=en.wikipedia.org&utm_campaign=parser&utm_content=thumbnail"", ""https://thumb.wikimedia.org/wikipedia/commons/thumb/e/eb/Water-Lily-at-Ramsagar.jpg/1280px-Water-Lily-at-Ramsagar.jpg?utm_source=en.wikipedia.org&utm_campaign=parser&utm_content=thumbnail"", ""https://thumb.wikimedia.org/wikipedia/commons/thumb/d/d8/Deerram.jpg/1280px-Deerram.jpg?utm_source=en.wikipedia.org&utm_campaign=parser&utm_content=thumbnail"", ""https://thumb.wikimedia.org/wikipedia/commons/thumb/f/f9/Ramsagar_National_Park_by_Ahammed_Saad_%282%29.jpg/1280px-Ramsagar_National_Park_by_Ahammed_Saad_%282%29.jpg?utm_source=en.wikipedia.org&utm_campaign=parser&utm_content=thumbnail""]",রামসাগর বাংলাদেশের একটি ঐতিহাসিক জাতীয় ঐতিহ্যবাহী স্থান।
heri_17,তাজহাট জমিদারবাড়ি,Tajhat Palace,Heritage Sites,Historical,25.7489,89.2613,https://en.wikipedia.org/wiki/Tajhat_Palace,https://thumb.wikimedia.org/wikipedia/commons/thumb/b/bb/Tajhat_Palace_Rangpur_city.jpg/500px-Tajhat_Palace_Rangpur_city.jpg?utm_source=en.wikipedia.org&utm_campaign=parser&utm_content=thumbnail,https://thumb.wikimedia.org/wikipedia/commons/thumb/9/95/Tajhat_Rajbari.JPG/250px-Tajhat_Rajbari.JPG?utm_source=en.wikipedia.org&utm_campaign=parser&utm_content=thumbnail,https://thumb.wikimedia.org/wikipedia/commons/thumb/d/d8/Close_Front_of_Tajhat_Palace%2C_Rangpur%2C_03-09-2016_03.jpg/250px-Close_Front_of_Tajhat_Palace%2C_Rangpur%2C_03-09-2016_03.jpg?utm_source=en.wikipedia.org&utm_campaign=parser&utm_content=thumbnail,https://thumb.wikimedia.org/wikipedia/commons/thumb/9/93/Backyard_of_Tajhat_Palace_03.jpg/250px-Backyard_of_Tajhat_Palace_03.jpg?utm_source=en.wikipedia.org&utm_campaign=parser&utm_content=thumbnail,https://thumb.wikimedia.org/wikipedia/commons/thumb/2/2d/Tajhat_jomider_bari_Rangpur_01.JPG/250px-Tajhat_jomider_bari_Rangpur_01.JPG?utm_source=en.wikipedia.org&utm_campaign=parser&utm_content=thumbnail,"[""https://thumb.wikimedia.org/wikipedia/commons/thumb/b/bb/Tajhat_Palace_Rangpur_city.jpg/500px-Tajhat_Palace_Rangpur_city.jpg?utm_source=en.wikipedia.org&utm_campaign=parser&utm_content=thumbnail"", ""https://thumb.wikimedia.org/wikipedia/commons/thumb/9/95/Tajhat_Rajbari.JPG/250px-Tajhat_Rajbari.JPG?utm_source=en.wikipedia.org&utm_campaign=parser&utm_content=thumbnail"", ""https://thumb.wikimedia.org/wikipedia/commons/thumb/d/d8/Close_Front_of_Tajhat_Palace%2C_Rangpur%2C_03-09-2016_03.jpg/250px-Close_Front_of_Tajhat_Palace%2C_Rangpur%2C_03-09-2016_03.jpg?utm_source=en.wikipedia.org&utm_campaign=parser&utm_content=thumbnail"", ""https://thumb.wikimedia.org/wikipedia/commons/thumb/9/93/Backyard_of_Tajhat_Palace_03.jpg/250px-Backyard_of_Tajhat_Palace_03.jpg?utm_source=en.wikipedia.org&utm_campaign=parser&utm_content=thumbnail"", ""https://thumb.wikimedia.org/wikipedia/commons/thumb/2/2d/Tajhat_jomider_bari_Rangpur_01.JPG/250px-Tajhat_jomider_bari_Rangpur_01.JPG?utm_source=en.wikipedia.org&utm_campaign=parser&utm_content=thumbnail""]",তাজহাট জমিদারবাড়ি বাংলাদেশের একটি ঐতিহাসিক জাতীয় ঐতিহ্যবাহী স্থান।
heri_18,উত্তরা গণভবন,Uttara Gonobhaban,Heritage Sites,Historical,24.4287,89.0208,https://en.wikipedia.org/wiki/Uttara_Ganabhaban,https://thumb.wikimedia.org/wikipedia/commons/thumb/e/e7/%E0%A6%89%E0%A6%A4%E0%A7%8D%E0%A6%A4%E0%A6%B0%E0%A6%BE_%E0%A6%97%E0%A6%A8%E0%A6%AC%E0%A6%AD%E0%A6%A8_%E0%A7%A7.jpg/1280px-%E0%A6%89%E0%A6%A4%E0%A7%8D%E0%A6%A4%E0%A6%B0%E0%A6%BE_%E0%A6%97%E0%A6%A8%E0%A6%AC%E0%A6%AD%E0%A6%A8_%E0%A7%A7.jpg?utm_source=en.wikipedia.org&utm_campaign=parser&utm_content=thumbnail,https://thumb.wikimedia.org/wikipedia/commons/thumb/1/12/Uttara_Ganabhaban_Natore.jpg/500px-Uttara_Ganabhaban_Natore.jpg?utm_source=en.wikipedia.org&utm_campaign=parser&utm_content=thumbnail,https://thumb.wikimedia.org/wikipedia/commons/thumb/4/4c/Uttara_Gana_Bhaban_in_a_birdeye_view.jpg/1280px-Uttara_Gana_Bhaban_in_a_birdeye_view.jpg?utm_source=en.wikipedia.org&utm_campaign=parser&utm_content=thumbnail,https://thumb.wikimedia.org/wikipedia/commons/thumb/4/4a/%E0%A6%A6%E0%A6%BF%E0%A6%98%E0%A6%BE%E0%A6%AA%E0%A6%A4%E0%A6%BF%E0%A6%AF%E0%A6%BC%E0%A6%BE_%E0%A6%B0%E0%A6%BE%E0%A6%9C%E0%A6%AC%E0%A6%BE%E0%A6%A1%E0%A6%BC%E0%A6%BF_%E0%A6%B8%E0%A6%BE%E0%A6%AE%E0%A6%A8%E0%A7%87%E0%A6%B0_%E0%A6%A6%E0%A6%BF%E0%A6%95%E0%A7%87_%E0%A6%AA%E0%A6%BE%E0%A6%B6_%E0%A6%A5%E0%A7%87%E0%A6%95%E0%A7%87.jpg/250px-%E0%A6%A6%E0%A6%BF%E0%A6%98%E0%A6%BE%E0%A6%AA%E0%A6%A4%E0%A6%BF%E0%A6%AF%E0%A6%BC%E0%A6%BE_%E0%A6%B0%E0%A6%BE%E0%A6%9C%E0%A6%AC%E0%A6%BE%E0%A6%A1%E0%A6%BC%E0%A6%BF_%E0%A6%B8%E0%A6%BE%E0%A6%AE%E0%A6%A8%E0%A7%87%E0%A6%B0_%E0%A6%A6%E0%A6%BF%E0%A6%95%E0%A7%87_%E0%A6%AA%E0%A6%BE%E0%A6%B6_%E0%A6%A5%E0%A7%87%E0%A6%95%E0%A7%87.jpg?utm_source=en.wikipedia.org&utm_campaign=parser&utm_content=thumbnail,https://thumb.wikimedia.org/wikipedia/commons/thumb/d/d2/%E0%A6%A6%E0%A6%BF%E0%A6%98%E0%A6%BE%E0%A6%AA%E0%A6%A4%E0%A6%BF%E0%A6%AF%E0%A6%BC%E0%A6%BE_%E0%A6%B0%E0%A6%BE%E0%A6%9C%E0%A6%AC%E0%A6%BE%E0%A6%A1%E0%A6%BC%E0%A6%BF%E0%A6%B0_%E0%A6%B8%E0%A6%BE%E0%A6%AE%E0%A6%A8%E0%A7%87%E0%A6%B0_%E0%A6%95%E0%A6%BE%E0%A6%AE%E0%A6%BE%E0%A6%A8.jpg/250px-%E0%A6%A6%E0%A6%BF%E0%A6%98%E0%A6%BE%E0%A6%AA%E0%A6%A4%E0%A6%BF%E0%A6%AF%E0%A6%BC%E0%A6%BE_%E0%A6%B0%E0%A6%BE%E0%A6%9C%E0%A6%AC%E0%A6%BE%E0%A6%A1%E0%A6%BC%E0%A6%BF%E0%A6%B0_%E0%A6%B8%E0%A6%BE%E0%A6%AE%E0%A6%A8%E0%A7%87%E0%A6%B0_%E0%A6%95%E0%A6%BE%E0%A6%AE%E0%A6%BE%E0%A6%A8.jpg?utm_source=en.wikipedia.org&utm_campaign=parser&utm_content=thumbnail,"[""https://thumb.wikimedia.org/wikipedia/commons/thumb/e/e7/%E0%A6%89%E0%A6%A4%E0%A7%8D%E0%A6%A4%E0%A6%B0%E0%A6%BE_%E0%A6%97%E0%A6%A8%E0%A6%AC%E0%A6%AD%E0%A6%A8_%E0%A7%A7.jpg/1280px-%E0%A6%89%E0%A6%A4%E0%A7%8D%E0%A6%A4%E0%A6%B0%E0%A6%BE_%E0%A6%97%E0%A6%A8%E0%A6%AC%E0%A6%AD%E0%A6%A8_%E0%A7%A7.jpg?utm_source=en.wikipedia.org&utm_campaign=parser&utm_content=thumbnail"", ""https://thumb.wikimedia.org/wikipedia/commons/thumb/1/12/Uttara_Ganabhaban_Natore.jpg/500px-Uttara_Ganabhaban_Natore.jpg?utm_source=en.wikipedia.org&utm_campaign=parser&utm_content=thumbnail"", ""https://thumb.wikimedia.org/wikipedia/commons/thumb/4/4c/Uttara_Gana_Bhaban_in_a_birdeye_view.jpg/1280px-Uttara_Gana_Bhaban_in_a_birdeye_view.jpg?utm_source=en.wikipedia.org&utm_campaign=parser&utm_content=thumbnail"", ""https://thumb.wikimedia.org/wikipedia/commons/thumb/4/4a/%E0%A6%A6%E0%A6%BF%E0%A6%98%E0%A6%BE%E0%A6%AA%E0%A6%A4%E0%A6%BF%E0%A6%AF%E0%A6%BC%E0%A6%BE_%E0%A6%B0%E0%A6%BE%E0%A6%9C%E0%A6%AC%E0%A6%BE%E0%A6%A1%E0%A6%BC%E0%A6%BF_%E0%A6%B8%E0%A6%BE%E0%A6%AE%E0%A6%A8%E0%A7%87%E0%A6%B0_%E0%A6%A6%E0%A6%BF%E0%A6%95%E0%A7%87_%E0%A6%AA%E0%A6%BE%E0%A6%B6_%E0%A6%A5%E0%A7%87%E0%A6%95%E0%A7%87.jpg/250px-%E0%A6%A6%E0%A6%BF%E0%A6%98%E0%A6%BE%E0%A6%AA%E0%A6%A4%E0%A6%BF%E0%A6%AF%E0%A6%BC%E0%A6%BE_%E0%A6%B0%E0%A6%BE%E0%A6%9C%E0%A6%AC%E0%A6%BE%E0%A6%A1%E0%A6%BC%E0%A6%BF_%E0%A6%B8%E0%A6%BE%E0%A6%AE%E0%A6%A8%E0%A7%87%E0%A6%B0_%E0%A6%A6%E0%A6%BF%E0%A6%95%E0%A7%87_%E0%A6%AA%E0%A6%BE%E0%A6%B6_%E0%A6%A5%E0%A7%87%E0%A6%95%E0%A7%87.jpg?utm_source=en.wikipedia.org&utm_campaign=parser&utm_content=thumbnail"", ""https://thumb.wikimedia.org/wikipedia/commons/thumb/d/d2/%E0%A6%A6%E0%A6%BF%E0%A6%98%E0%A6%BE%E0%A6%AA%E0%A6%A4%E0%A6%BF%E0%A6%AF%E0%A6%BC%E0%A6%BE_%E0%A6%B0%E0%A6%BE%E0%A6%9C%E0%A6%AC%E0%A6%BE%E0%A6%A1%E0%A6%BC%E0%A6%BF%E0%A6%B0_%E0%A6%B8%E0%A6%BE%E0%A6%AE%E0%A6%A8%E0%A7%87%E0%A6%B0_%E0%A6%95%E0%A6%BE%E0%A6%AE%E0%A6%BE%E0%A6%A8.jpg/250px-%E0%A6%A6%E0%A6%BF%E0%A6%98%E0%A6%BE%E0%A6%AA%E0%A6%A4%E0%A6%BF%E0%A6%AF%E0%A6%BC%E0%A6%BE_%E0%A6%B0%E0%A6%BE%E0%A6%9C%E0%A6%AC%E0%A6%BE%E0%A6%A1%E0%A6%BC%E0%A6%BF%E0%A6%B0_%E0%A6%B8%E0%A6%BE%E0%A6%AE%E0%A6%A8%E0%A7%87%E0%A6%B0_%E0%A6%95%E0%A6%BE%E0%A6%AE%E0%A6%BE%E0%A6%A8.jpg?utm_source=en.wikipedia.org&utm_campaign=parser&utm_content=thumbnail""]",উত্তরা গণভবন বাংলাদেশের একটি ঐতিহাসিক জাতীয় ঐতিহ্যবাহী স্থান।
heri_19,পুঠিয়া রাজবাড়ী,Puthia Temple Complex,Heritage Sites,Hinduism,24.3752,88.8657,https://en.wikipedia.org/wiki/Puthia_Temple_Complex,https://thumb.wikimedia.org/wikipedia/commons/thumb/a/a4/Panoramic_view_of_Puthia_Temple_Complex_1.jpg/1280px-Panoramic_view_of_Puthia_Temple_Complex_1.jpg?utm_source=en.wikipedia.org&utm_campaign=parser&utm_content=thumbnail,https://thumb.wikimedia.org/wikipedia/commons/thumb/1/19/Shiva_temple_at_Puthia%2C_Rajshahi.JPG/1280px-Shiva_temple_at_Puthia%2C_Rajshahi.JPG?utm_source=en.wikipedia.org&utm_campaign=parser&utm_content=thumbnail,https://thumb.wikimedia.org/wikipedia/commons/thumb/0/08/Puthia_Mandirs10.JPG/1280px-Puthia_Mandirs10.JPG?utm_source=en.wikipedia.org&utm_campaign=parser&utm_content=thumbnail,https://thumb.wikimedia.org/wikipedia/commons/thumb/0/06/Shiva_Temple%2C_Puthia%2C_Rajshahi_NK_%282%29.jpg/250px-Shiva_Temple%2C_Puthia%2C_Rajshahi_NK_%282%29.jpg?utm_source=en.wikipedia.org&utm_campaign=parser&utm_content=thumbnail,https://thumb.wikimedia.org/wikipedia/commons/thumb/7/7f/Bara_Ahnik_Mandir_at_Puthia.JPG/250px-Bara_Ahnik_Mandir_at_Puthia.JPG?utm_source=en.wikipedia.org&utm_campaign=parser&utm_content=thumbnail,"[""https://thumb.wikimedia.org/wikipedia/commons/thumb/a/a4/Panoramic_view_of_Puthia_Temple_Complex_1.jpg/1280px-Panoramic_view_of_Puthia_Temple_Complex_1.jpg?utm_source=en.wikipedia.org&utm_campaign=parser&utm_content=thumbnail"", ""https://thumb.wikimedia.org/wikipedia/commons/thumb/1/19/Shiva_temple_at_Puthia%2C_Rajshahi.JPG/1280px-Shiva_temple_at_Puthia%2C_Rajshahi.JPG?utm_source=en.wikipedia.org&utm_campaign=parser&utm_content=thumbnail"", ""https://thumb.wikimedia.org/wikipedia/commons/thumb/0/08/Puthia_Mandirs10.JPG/1280px-Puthia_Mandirs10.JPG?utm_source=en.wikipedia.org&utm_campaign=parser&utm_content=thumbnail"", ""https://thumb.wikimedia.org/wikipedia/commons/thumb/0/06/Shiva_Temple%2C_Puthia%2C_Rajshahi_NK_%282%29.jpg/250px-Shiva_Temple%2C_Puthia%2C_Rajshahi_NK_%282%29.jpg?utm_source=en.wikipedia.org&utm_campaign=parser&utm_content=thumbnail"", ""https://thumb.wikimedia.org/wikipedia/commons/thumb/7/7f/Bara_Ahnik_Mandir_at_Puthia.JPG/250px-Bara_Ahnik_Mandir_at_Puthia.JPG?utm_source=en.wikipedia.org&utm_campaign=parser&utm_content=thumbnail""]",পুঠিয়া রাজবাড়ী বাংলাদেশের একটি ঐতিহাসিক জাতীয় ঐতিহ্যবাহী স্থান।
